mode: atomic
github.com/kljensen/kronos/common/abstract_parser.go:33.35,34.32 1 1
github.com/kljensen/kronos/common/abstract_parser.go:34.32,35.39 1 1
github.com/kljensen/kronos/common/abstract_parser.go:35.39,37.4 1 1
github.com/kljensen/kronos/common/abstract_parser.go:40.2,44.3 1 1
github.com/kljensen/kronos/common/abstract_parser.go:49.97,53.80 2 10
github.com/kljensen/kronos/common/abstract_parser.go:53.80,55.3 1 9
github.com/kljensen/kronos/common/abstract_parser.go:58.2,66.50 5 1
github.com/kljensen/kronos/common/abstract_parser.go:66.50,68.3 1 1
github.com/kljensen/kronos/common/abstract_parser.go:70.2,71.24 2 1
github.com/kljensen/kronos/common/abstract_parser.go:76.110,77.20 1 9
github.com/kljensen/kronos/common/abstract_parser.go:77.20,79.3 1 0
github.com/kljensen/kronos/common/abstract_parser.go:82.2,91.34 5 9
github.com/kljensen/kronos/common/abstract_parser.go:91.34,93.3 1 99
github.com/kljensen/kronos/common/abstract_parser.go:95.2,98.28 2 9
github.com/kljensen/kronos/common/abstract_parser.go:99.29,103.11 2 0
github.com/kljensen/kronos/common/abstract_parser.go:104.41,109.11 3 9
github.com/kljensen/kronos/common/abstract_parser.go:110.33,115.29 2 0
github.com/kljensen/kronos/common/abstract_parser.go:115.29,117.83 2 0
github.com/kljensen/kronos/common/abstract_parser.go:117.83,119.5 1 0
github.com/kljensen/kronos/common/abstract_parser.go:119.10,120.10 1 0
github.com/kljensen/kronos/common/abstract_parser.go:123.3,128.4 1 0
github.com/kljensen/kronos/common/abstract_parser.go:129.10,130.16 1 0
github.com/kljensen/kronos/common/abstract_parser.go:135.54,139.2 2 1
github.com/kljensen/kronos/common/iso_parser.go:48.44,58.2 3 1
github.com/kljensen/kronos/common/iso_parser.go:60.87,62.2 1 10
github.com/kljensen/kronos/common/iso_parser.go:64.100,67.16 2 9
github.com/kljensen/kronos/common/iso_parser.go:67.16,69.3 1 0
github.com/kljensen/kronos/common/iso_parser.go:70.2,71.16 2 9
github.com/kljensen/kronos/common/iso_parser.go:71.16,73.3 1 0
github.com/kljensen/kronos/common/iso_parser.go:74.2,75.16 2 9
github.com/kljensen/kronos/common/iso_parser.go:75.16,77.3 1 0
github.com/kljensen/kronos/common/iso_parser.go:79.2,89.52 4 9
github.com/kljensen/kronos/common/iso_parser.go:89.52,92.3 1 1
github.com/kljensen/kronos/common/iso_parser.go:95.2,95.31 1 9
github.com/kljensen/kronos/common/iso_parser.go:95.31,97.17 2 7
github.com/kljensen/kronos/common/iso_parser.go:97.17,99.4 1 0
github.com/kljensen/kronos/common/iso_parser.go:100.3,101.17 2 7
github.com/kljensen/kronos/common/iso_parser.go:101.17,103.4 1 0
github.com/kljensen/kronos/common/iso_parser.go:105.3,109.34 3 7
github.com/kljensen/kronos/common/iso_parser.go:109.34,111.18 2 6
github.com/kljensen/kronos/common/iso_parser.go:111.18,113.5 1 0
github.com/kljensen/kronos/common/iso_parser.go:114.4,114.53 1 6
github.com/kljensen/kronos/common/iso_parser.go:118.3,118.39 1 7
github.com/kljensen/kronos/common/iso_parser.go:118.39,121.25 2 2
github.com/kljensen/kronos/common/iso_parser.go:121.25,123.5 1 11
github.com/kljensen/kronos/common/iso_parser.go:124.4,124.24 1 2
github.com/kljensen/kronos/common/iso_parser.go:124.24,126.5 1 0
github.com/kljensen/kronos/common/iso_parser.go:127.4,128.18 2 2
github.com/kljensen/kronos/common/iso_parser.go:128.18,130.5 1 0
github.com/kljensen/kronos/common/iso_parser.go:133.4,138.23 5 2
github.com/kljensen/kronos/common/iso_parser.go:138.23,140.5 1 2
github.com/kljensen/kronos/common/iso_parser.go:141.4,141.23 1 2
github.com/kljensen/kronos/common/iso_parser.go:141.23,143.5 1 1
github.com/kljensen/kronos/common/iso_parser.go:144.4,144.22 1 2
github.com/kljensen/kronos/common/iso_parser.go:144.22,146.5 1 0
github.com/kljensen/kronos/common/iso_parser.go:150.3,150.31 1 7
github.com/kljensen/kronos/common/iso_parser.go:150.31,152.36 2 6
github.com/kljensen/kronos/common/iso_parser.go:152.36,154.19 2 4
github.com/kljensen/kronos/common/iso_parser.go:154.19,156.6 1 0
github.com/kljensen/kronos/common/iso_parser.go:157.5,158.39 2 4
github.com/kljensen/kronos/common/iso_parser.go:158.39,160.20 2 4
github.com/kljensen/kronos/common/iso_parser.go:160.20,162.7 1 0
github.com/kljensen/kronos/common/iso_parser.go:165.5,166.19 2 4
github.com/kljensen/kronos/common/iso_parser.go:166.19,168.6 1 1
github.com/kljensen/kronos/common/iso_parser.go:168.11,170.6 1 3
github.com/kljensen/kronos/common/iso_parser.go:172.4,172.61 1 6
github.com/kljensen/kronos/common/iso_parser.go:176.2,186.3 2 9
github.com/kljensen/kronos/common/slash_parser.go:41.73,45.18 3 13
github.com/kljensen/kronos/common/slash_parser.go:45.18,48.3 2 1
github.com/kljensen/kronos/common/slash_parser.go:50.2,54.3 1 13
github.com/kljensen/kronos/common/slash_parser.go:58.88,60.2 1 2
github.com/kljensen/kronos/common/slash_parser.go:63.101,84.38 8 13
github.com/kljensen/kronos/common/slash_parser.go:84.38,87.3 2 0
github.com/kljensen/kronos/common/slash_parser.go:87.8,87.64 1 13
github.com/kljensen/kronos/common/slash_parser.go:87.64,92.3 2 12
github.com/kljensen/kronos/common/slash_parser.go:99.2,101.23 2 13
github.com/kljensen/kronos/common/slash_parser.go:101.23,103.27 1 12
github.com/kljensen/kronos/common/slash_parser.go:103.27,105.42 2 1
github.com/kljensen/kronos/common/slash_parser.go:105.42,107.5 1 0
github.com/kljensen/kronos/common/slash_parser.go:109.4,109.61 1 1
github.com/kljensen/kronos/common/slash_parser.go:109.61,111.29 1 1
github.com/kljensen/kronos/common/slash_parser.go:111.29,113.46 2 1
github.com/kljensen/kronos/common/slash_parser.go:113.46,116.38 1 1
github.com/kljensen/kronos/common/slash_parser.go:116.38,118.8 1 0
github.com/kljensen/kronos/common/slash_parser.go:123.8,123.63 1 1
github.com/kljensen/kronos/common/slash_parser.go:123.63,126.27 1 0
github.com/kljensen/kronos/common/slash_parser.go:126.27,128.44 2 0
github.com/kljensen/kronos/common/slash_parser.go:128.44,131.36 1 0
github.com/kljensen/kronos/common/slash_parser.go:131.36,133.6 1 0
github.com/kljensen/kronos/common/slash_parser.go:141.2,141.86 1 13
github.com/kljensen/kronos/common/slash_parser.go:141.86,143.3 1 0
github.com/kljensen/kronos/common/slash_parser.go:146.2,147.74 1 13
github.com/kljensen/kronos/common/slash_parser.go:147.74,149.3 1 1
github.com/kljensen/kronos/common/slash_parser.go:152.2,152.70 1 12
github.com/kljensen/kronos/common/slash_parser.go:152.70,154.3 1 2
github.com/kljensen/kronos/common/slash_parser.go:157.2,158.16 2 10
github.com/kljensen/kronos/common/slash_parser.go:158.16,160.3 1 0
github.com/kljensen/kronos/common/slash_parser.go:161.2,162.16 2 10
github.com/kljensen/kronos/common/slash_parser.go:162.16,164.3 1 0
github.com/kljensen/kronos/common/slash_parser.go:167.2,167.29 1 10
github.com/kljensen/kronos/common/slash_parser.go:167.29,168.17 1 2
github.com/kljensen/kronos/common/slash_parser.go:168.17,170.44 1 2
github.com/kljensen/kronos/common/slash_parser.go:170.44,172.5 1 1
github.com/kljensen/kronos/common/slash_parser.go:172.10,174.5 1 1
github.com/kljensen/kronos/common/slash_parser.go:175.9,177.4 1 0
github.com/kljensen/kronos/common/slash_parser.go:180.2,180.25 1 9
github.com/kljensen/kronos/common/slash_parser.go:180.25,182.3 1 0
github.com/kljensen/kronos/common/slash_parser.go:185.2,194.33 4 9
github.com/kljensen/kronos/common/slash_parser.go:194.33,196.17 2 8
github.com/kljensen/kronos/common/slash_parser.go:196.17,198.4 1 0
github.com/kljensen/kronos/common/slash_parser.go:199.3,200.48 2 8
github.com/kljensen/kronos/common/slash_parser.go:201.8,205.3 2 1
github.com/kljensen/kronos/common/slash_parser.go:209.2,209.22 1 9
github.com/kljensen/kronos/common/slash_parser.go:209.22,216.3 1 1
github.com/kljensen/kronos/common/slash_parser.go:219.2,219.19 1 8
github.com/kljensen/kronos/common/time_expression_parser.go:14.37,16.16 2 0
github.com/kljensen/kronos/common/time_expression_parser.go:16.16,18.3 1 0
github.com/kljensen/kronos/common/time_expression_parser.go:19.2,19.18 1 0
github.com/kljensen/kronos/common/time_expression_parser.go:77.33,82.45 1 0
github.com/kljensen/kronos/common/time_expression_parser.go:82.45,84.4 1 0
github.com/kljensen/kronos/common/time_expression_parser.go:85.32,89.4 1 0
github.com/kljensen/kronos/common/time_expression_parser.go:90.34,94.4 1 0
github.com/kljensen/kronos/common/time_expression_parser.go:95.31,97.4 1 0
github.com/kljensen/kronos/common/time_expression_parser.go:102.75,104.2 1 0
github.com/kljensen/kronos/common/time_expression_parser.go:107.77,109.2 1 0
github.com/kljensen/kronos/common/time_expression_parser.go:114.3,116.2 1 0
github.com/kljensen/kronos/common/time_expression_parser.go:121.3,123.2 1 0
github.com/kljensen/kronos/common/time_expression_parser.go:128.3,130.2 1 0
github.com/kljensen/kronos/common/time_expression_parser.go:133.103,150.18 3 0
github.com/kljensen/kronos/common/time_expression_parser.go:150.18,152.3 1 0
github.com/kljensen/kronos/common/time_expression_parser.go:153.2,153.49 1 0
github.com/kljensen/kronos/common/time_expression_parser.go:157.87,173.2 2 0
github.com/kljensen/kronos/common/time_expression_parser.go:176.95,178.2 1 0
github.com/kljensen/kronos/common/time_expression_parser.go:180.91,184.123 3 0
github.com/kljensen/kronos/common/time_expression_parser.go:184.123,186.3 1 0
github.com/kljensen/kronos/common/time_expression_parser.go:188.2,196.35 4 0
github.com/kljensen/kronos/common/time_expression_parser.go:199.93,203.131 3 0
github.com/kljensen/kronos/common/time_expression_parser.go:203.131,205.3 1 0
github.com/kljensen/kronos/common/time_expression_parser.go:207.2,210.37 4 0
github.com/kljensen/kronos/common/time_expression_parser.go:214.108,216.28 2 0
github.com/kljensen/kronos/common/time_expression_parser.go:216.28,219.79 1 0
github.com/kljensen/kronos/common/time_expression_parser.go:219.79,222.4 1 0
github.com/kljensen/kronos/common/time_expression_parser.go:223.3,223.13 1 0
github.com/kljensen/kronos/common/time_expression_parser.go:230.2,239.19 5 0
github.com/kljensen/kronos/common/time_expression_parser.go:239.19,241.3 1 0
github.com/kljensen/kronos/common/time_expression_parser.go:242.2,247.79 4 0
github.com/kljensen/kronos/common/time_expression_parser.go:247.79,249.81 1 0
github.com/kljensen/kronos/common/time_expression_parser.go:249.81,251.4 1 0
github.com/kljensen/kronos/common/time_expression_parser.go:253.3,253.85 1 0
github.com/kljensen/kronos/common/time_expression_parser.go:253.85,255.4 1 0
github.com/kljensen/kronos/common/time_expression_parser.go:258.2,258.105 1 0
github.com/kljensen/kronos/common/time_expression_parser.go:258.105,262.3 2 0
github.com/kljensen/kronos/common/time_expression_parser.go:266.2,267.89 2 0
github.com/kljensen/kronos/common/time_expression_parser.go:267.89,271.3 2 0
github.com/kljensen/kronos/common/time_expression_parser.go:273.2,274.26 2 0
github.com/kljensen/kronos/common/time_expression_parser.go:274.26,279.3 2 0
github.com/kljensen/kronos/common/time_expression_parser.go:281.2,281.53 1 0
github.com/kljensen/kronos/common/time_expression_parser.go:285.27,287.2 1 0
github.com/kljensen/kronos/common/time_expression_parser.go:291.81,293.25 2 0
github.com/kljensen/kronos/common/time_expression_parser.go:293.25,295.3 1 0
github.com/kljensen/kronos/common/time_expression_parser.go:298.2,298.57 1 0
github.com/kljensen/kronos/common/time_expression_parser.go:298.57,300.72 2 0
github.com/kljensen/kronos/common/time_expression_parser.go:300.72,302.4 1 0
github.com/kljensen/kronos/common/time_expression_parser.go:306.2,307.103 2 0
github.com/kljensen/kronos/common/time_expression_parser.go:307.103,309.72 2 0
github.com/kljensen/kronos/common/time_expression_parser.go:309.72,311.4 1 0
github.com/kljensen/kronos/common/time_expression_parser.go:314.2,314.14 1 0
github.com/kljensen/kronos/common/time_expression_parser.go:319.80,321.26 2 0
github.com/kljensen/kronos/common/time_expression_parser.go:321.26,323.3 1 0
github.com/kljensen/kronos/common/time_expression_parser.go:326.2,326.26 1 0
github.com/kljensen/kronos/common/time_expression_parser.go:326.26,329.24 2 0
github.com/kljensen/kronos/common/time_expression_parser.go:329.24,331.4 1 0
github.com/kljensen/kronos/common/time_expression_parser.go:333.3,333.46 1 0
github.com/kljensen/kronos/common/time_expression_parser.go:333.46,334.51 1 0
github.com/kljensen/kronos/common/time_expression_parser.go:334.51,336.5 1 0
github.com/kljensen/kronos/common/time_expression_parser.go:341.2,341.34 1 0
github.com/kljensen/kronos/common/time_expression_parser.go:341.34,343.43 2 0
github.com/kljensen/kronos/common/time_expression_parser.go:343.43,344.47 1 0
github.com/kljensen/kronos/common/time_expression_parser.go:344.47,346.5 1 0
github.com/kljensen/kronos/common/time_expression_parser.go:350.2,350.14 1 0
github.com/kljensen/kronos/common/time_expression_parser.go:356.76,357.28 1 0
github.com/kljensen/kronos/common/time_expression_parser.go:357.28,359.3 1 0
github.com/kljensen/kronos/common/time_expression_parser.go:361.2,362.17 2 0
github.com/kljensen/kronos/common/time_expression_parser.go:362.17,364.30 2 0
github.com/kljensen/kronos/common/time_expression_parser.go:364.30,366.4 1 0
github.com/kljensen/kronos/common/time_expression_parser.go:367.3,367.24 1 0
github.com/kljensen/kronos/common/time_expression_parser.go:370.2,370.17 1 0
github.com/kljensen/kronos/common/time_expression_parser.go:370.17,372.30 2 0
github.com/kljensen/kronos/common/time_expression_parser.go:372.30,374.4 1 0
github.com/kljensen/kronos/common/time_expression_parser.go:375.3,375.24 1 0
github.com/kljensen/kronos/common/time_expression_parser.go:378.2,378.24 1 0
github.com/kljensen/kronos/common/time_expression_parser.go:386.29,388.43 1 0
github.com/kljensen/kronos/common/time_expression_parser.go:388.43,390.3 1 0
github.com/kljensen/kronos/common/time_expression_parser.go:392.2,392.42 1 0
github.com/kljensen/kronos/common/time_expression_parser.go:392.42,394.3 1 0
github.com/kljensen/kronos/common/time_expression_parser.go:396.2,402.9 5 0
github.com/kljensen/kronos/common/time_expression_parser.go:402.9,404.3 1 0
github.com/kljensen/kronos/common/time_expression_parser.go:407.2,407.31 1 0
github.com/kljensen/kronos/common/time_expression_parser.go:407.31,409.117 1 0
github.com/kljensen/kronos/common/time_expression_parser.go:409.117,411.4 1 0
github.com/kljensen/kronos/common/time_expression_parser.go:413.3,413.51 1 0
github.com/kljensen/kronos/common/time_expression_parser.go:413.51,415.4 1 0
github.com/kljensen/kronos/common/time_expression_parser.go:417.3,418.29 2 0
github.com/kljensen/kronos/common/time_expression_parser.go:421.2,421.28 1 0
github.com/kljensen/kronos/common/time_expression_parser.go:421.28,423.3 1 0
github.com/kljensen/kronos/common/time_expression_parser.go:426.2,426.34 1 0
github.com/kljensen/kronos/common/time_expression_parser.go:426.34,427.88 1 0
github.com/kljensen/kronos/common/time_expression_parser.go:427.88,430.4 1 0
github.com/kljensen/kronos/common/time_expression_parser.go:431.3,432.10 2 0
github.com/kljensen/kronos/common/time_expression_parser.go:432.10,434.4 1 0
github.com/kljensen/kronos/common/time_expression_parser.go:437.2,437.25 1 0
github.com/kljensen/kronos/common/time_expression_parser.go:437.25,439.3 1 0
github.com/kljensen/kronos/common/time_expression_parser.go:442.2,442.28 1 0
github.com/kljensen/kronos/common/time_expression_parser.go:442.28,445.3 2 0
github.com/kljensen/kronos/common/time_expression_parser.go:448.2,448.32 1 0
github.com/kljensen/kronos/common/time_expression_parser.go:448.32,451.10 3 0
github.com/kljensen/kronos/common/time_expression_parser.go:451.10,453.4 1 0
github.com/kljensen/kronos/common/time_expression_parser.go:456.2,459.21 3 0
github.com/kljensen/kronos/common/time_expression_parser.go:459.21,461.3 1 0
github.com/kljensen/kronos/common/time_expression_parser.go:461.8,462.29 1 0
github.com/kljensen/kronos/common/time_expression_parser.go:462.29,464.4 1 0
github.com/kljensen/kronos/common/time_expression_parser.go:464.9,466.4 1 0
github.com/kljensen/kronos/common/time_expression_parser.go:470.2,470.34 1 0
github.com/kljensen/kronos/common/time_expression_parser.go:470.34,472.10 2 0
github.com/kljensen/kronos/common/time_expression_parser.go:472.10,474.4 1 0
github.com/kljensen/kronos/common/time_expression_parser.go:475.3,475.26 1 0
github.com/kljensen/kronos/common/time_expression_parser.go:475.26,477.4 1 0
github.com/kljensen/kronos/common/time_expression_parser.go:478.3,478.52 1 0
github.com/kljensen/kronos/common/time_expression_parser.go:482.2,482.41 1 0
github.com/kljensen/kronos/common/time_expression_parser.go:482.41,485.36 2 0
github.com/kljensen/kronos/common/time_expression_parser.go:485.36,487.4 1 0
github.com/kljensen/kronos/common/time_expression_parser.go:488.3,488.35 1 0
github.com/kljensen/kronos/common/time_expression_parser.go:488.35,490.4 1 0
github.com/kljensen/kronos/common/time_expression_parser.go:491.3,492.10 2 0
github.com/kljensen/kronos/common/time_expression_parser.go:492.10,494.4 1 0
github.com/kljensen/kronos/common/time_expression_parser.go:497.3,502.22 5 0
github.com/kljensen/kronos/common/time_expression_parser.go:502.22,504.4 1 0
github.com/kljensen/kronos/common/time_expression_parser.go:505.3,505.22 1 0
github.com/kljensen/kronos/common/time_expression_parser.go:505.22,507.4 1 0
github.com/kljensen/kronos/common/time_expression_parser.go:508.3,508.21 1 0
github.com/kljensen/kronos/common/time_expression_parser.go:508.21,510.4 1 0
github.com/kljensen/kronos/common/time_expression_parser.go:514.2,514.47 1 0
github.com/kljensen/kronos/common/time_expression_parser.go:514.47,515.70 1 0
github.com/kljensen/kronos/common/time_expression_parser.go:515.70,517.4 1 0
github.com/kljensen/kronos/common/time_expression_parser.go:521.2,523.19 2 0
github.com/kljensen/kronos/common/time_expression_parser.go:531.29,538.34 4 0
github.com/kljensen/kronos/common/time_expression_parser.go:538.34,540.10 2 0
github.com/kljensen/kronos/common/time_expression_parser.go:540.10,542.4 1 0
github.com/kljensen/kronos/common/time_expression_parser.go:543.3,543.26 1 0
github.com/kljensen/kronos/common/time_expression_parser.go:543.26,545.4 1 0
github.com/kljensen/kronos/common/time_expression_parser.go:546.3,546.52 1 0
github.com/kljensen/kronos/common/time_expression_parser.go:550.2,550.41 1 0
github.com/kljensen/kronos/common/time_expression_parser.go:550.41,553.36 2 0
github.com/kljensen/kronos/common/time_expression_parser.go:553.36,555.4 1 0
github.com/kljensen/kronos/common/time_expression_parser.go:556.3,556.35 1 0
github.com/kljensen/kronos/common/time_expression_parser.go:556.35,558.4 1 0
github.com/kljensen/kronos/common/time_expression_parser.go:559.3,560.10 2 0
github.com/kljensen/kronos/common/time_expression_parser.go:560.10,562.4 1 0
github.com/kljensen/kronos/common/time_expression_parser.go:565.3,570.22 5 0
github.com/kljensen/kronos/common/time_expression_parser.go:570.22,572.4 1 0
github.com/kljensen/kronos/common/time_expression_parser.go:573.3,573.22 1 0
github.com/kljensen/kronos/common/time_expression_parser.go:573.22,575.4 1 0
github.com/kljensen/kronos/common/time_expression_parser.go:576.3,576.21 1 0
github.com/kljensen/kronos/common/time_expression_parser.go:576.21,578.4 1 0
github.com/kljensen/kronos/common/time_expression_parser.go:582.2,583.18 2 0
github.com/kljensen/kronos/common/time_expression_parser.go:583.18,585.72 2 0
github.com/kljensen/kronos/common/time_expression_parser.go:585.72,587.4 1 0
github.com/kljensen/kronos/common/time_expression_parser.go:590.2,591.9 2 0
github.com/kljensen/kronos/common/time_expression_parser.go:591.9,593.3 1 0
github.com/kljensen/kronos/common/time_expression_parser.go:594.2,598.34 3 0
github.com/kljensen/kronos/common/time_expression_parser.go:598.34,599.88 1 0
github.com/kljensen/kronos/common/time_expression_parser.go:599.88,602.4 1 0
github.com/kljensen/kronos/common/time_expression_parser.go:603.3,604.10 2 0
github.com/kljensen/kronos/common/time_expression_parser.go:604.10,606.4 1 0
github.com/kljensen/kronos/common/time_expression_parser.go:607.8,607.38 1 0
github.com/kljensen/kronos/common/time_expression_parser.go:607.38,610.3 2 0
github.com/kljensen/kronos/common/time_expression_parser.go:612.2,612.51 1 0
github.com/kljensen/kronos/common/time_expression_parser.go:612.51,614.3 1 0
github.com/kljensen/kronos/common/time_expression_parser.go:616.2,616.29 1 0
github.com/kljensen/kronos/common/time_expression_parser.go:616.29,618.3 1 0
github.com/kljensen/kronos/common/time_expression_parser.go:621.2,621.32 1 0
github.com/kljensen/kronos/common/time_expression_parser.go:621.32,622.29 1 0
github.com/kljensen/kronos/common/time_expression_parser.go:622.29,624.4 1 0
github.com/kljensen/kronos/common/time_expression_parser.go:626.3,627.18 2 0
github.com/kljensen/kronos/common/time_expression_parser.go:627.18,629.31 2 0
github.com/kljensen/kronos/common/time_expression_parser.go:629.31,632.64 2 0
github.com/kljensen/kronos/common/time_expression_parser.go:632.64,633.71 1 0
github.com/kljensen/kronos/common/time_expression_parser.go:633.71,635.7 1 0
github.com/kljensen/kronos/common/time_expression_parser.go:640.3,640.18 1 0
github.com/kljensen/kronos/common/time_expression_parser.go:640.18,642.31 2 0
github.com/kljensen/kronos/common/time_expression_parser.go:642.31,644.5 1 0
github.com/kljensen/kronos/common/time_expression_parser.go:648.3,648.67 1 0
github.com/kljensen/kronos/common/time_expression_parser.go:648.67,649.42 1 0
github.com/kljensen/kronos/common/time_expression_parser.go:649.42,651.104 2 0
github.com/kljensen/kronos/common/time_expression_parser.go:651.104,653.6 1 0
github.com/kljensen/kronos/common/time_expression_parser.go:654.10,656.104 2 0
github.com/kljensen/kronos/common/time_expression_parser.go:656.104,658.6 1 0
github.com/kljensen/kronos/common/time_expression_parser.go:663.2,667.19 3 0
github.com/kljensen/kronos/common/time_expression_parser.go:667.19,669.3 1 0
github.com/kljensen/kronos/common/time_expression_parser.go:669.8,672.66 2 0
github.com/kljensen/kronos/common/time_expression_parser.go:672.66,673.117 1 0
github.com/kljensen/kronos/common/time_expression_parser.go:673.117,675.5 1 0
github.com/kljensen/kronos/common/time_expression_parser.go:678.3,678.10 1 0
github.com/kljensen/kronos/common/time_expression_parser.go:679.18,680.122 1 0
github.com/kljensen/kronos/common/time_expression_parser.go:680.122,683.5 1 0
github.com/kljensen/kronos/common/time_expression_parser.go:683.10,683.38 1 0
github.com/kljensen/kronos/common/time_expression_parser.go:683.38,686.5 2 0
github.com/kljensen/kronos/common/time_expression_parser.go:687.31,688.70 1 0
github.com/kljensen/kronos/common/time_expression_parser.go:689.32,690.70 1 0
github.com/kljensen/kronos/common/time_expression_parser.go:694.2,694.53 1 0
github.com/kljensen/kronos/common/time_expression_parser.go:694.53,696.20 2 0
github.com/kljensen/kronos/common/time_expression_parser.go:696.20,698.4 1 0
github.com/kljensen/kronos/common/time_expression_parser.go:702.2,702.49 1 0
github.com/kljensen/kronos/common/time_expression_parser.go:702.49,703.80 1 0
github.com/kljensen/kronos/common/time_expression_parser.go:703.80,705.4 1 0
github.com/kljensen/kronos/common/time_expression_parser.go:709.2,710.29 2 0
github.com/kljensen/kronos/common/time_expression_parser.go:710.29,712.3 1 0
github.com/kljensen/kronos/common/time_expression_parser.go:715.2,717.19 2 0
github.com/kljensen/kronos/common/time_expression_parser.go:731.130,733.49 1 0
github.com/kljensen/kronos/common/time_expression_parser.go:733.49,735.3 1 0
github.com/kljensen/kronos/common/time_expression_parser.go:737.2,740.42 2 0
github.com/kljensen/kronos/common/time_expression_parser.go:740.42,742.3 1 0
github.com/kljensen/kronos/common/time_expression_parser.go:745.2,745.48 1 0
github.com/kljensen/kronos/common/time_expression_parser.go:745.48,747.3 1 0
github.com/kljensen/kronos/common/time_expression_parser.go:750.2,750.47 1 0
github.com/kljensen/kronos/common/time_expression_parser.go:750.47,752.3 1 0
github.com/kljensen/kronos/common/time_expression_parser.go:755.2,755.58 1 0
github.com/kljensen/kronos/common/time_expression_parser.go:755.58,757.3 1 0
github.com/kljensen/kronos/common/time_expression_parser.go:760.2,760.90 1 0
github.com/kljensen/kronos/common/time_expression_parser.go:760.90,761.52 1 0
github.com/kljensen/kronos/common/time_expression_parser.go:761.52,764.20 2 0
github.com/kljensen/kronos/common/time_expression_parser.go:764.20,766.5 1 0
github.com/kljensen/kronos/common/time_expression_parser.go:769.4,769.80 1 0
github.com/kljensen/kronos/common/time_expression_parser.go:769.80,771.5 1 0
github.com/kljensen/kronos/common/time_expression_parser.go:774.4,774.62 1 0
github.com/kljensen/kronos/common/time_expression_parser.go:774.62,776.5 1 0
github.com/kljensen/kronos/common/time_expression_parser.go:780.2,780.15 1 0
github.com/kljensen/kronos/common/time_expression_parser.go:789.127,793.66 2 0
github.com/kljensen/kronos/common/time_expression_parser.go:793.66,795.3 1 0
github.com/kljensen/kronos/common/time_expression_parser.go:798.2,798.46 1 0
github.com/kljensen/kronos/common/time_expression_parser.go:798.46,800.3 1 0
github.com/kljensen/kronos/common/time_expression_parser.go:803.2,803.82 1 0
github.com/kljensen/kronos/common/time_expression_parser.go:803.82,804.19 1 0
github.com/kljensen/kronos/common/time_expression_parser.go:804.19,806.4 1 0
github.com/kljensen/kronos/common/time_expression_parser.go:808.3,811.87 2 0
github.com/kljensen/kronos/common/time_expression_parser.go:811.87,813.4 1 0
github.com/kljensen/kronos/common/time_expression_parser.go:814.3,814.83 1 0
github.com/kljensen/kronos/common/time_expression_parser.go:814.83,816.4 1 0
github.com/kljensen/kronos/common/time_expression_parser.go:819.3,819.75 1 0
github.com/kljensen/kronos/common/time_expression_parser.go:819.75,821.4 1 0
github.com/kljensen/kronos/common/time_expression_parser.go:822.3,822.69 1 0
github.com/kljensen/kronos/common/time_expression_parser.go:822.69,824.4 1 0
github.com/kljensen/kronos/common/time_expression_parser.go:827.2,827.15 1 0
github.com/kljensen/kronos/adapters.go:12.61,14.2 1 17
github.com/kljensen/kronos/adapters.go:17.39,19.2 1 1
github.com/kljensen/kronos/adapters.go:22.37,24.2 1 2
github.com/kljensen/kronos/adapters.go:27.42,29.2 1 9
github.com/kljensen/kronos/adapters.go:32.44,36.47 2 25
github.com/kljensen/kronos/adapters.go:36.47,38.3 1 25
github.com/kljensen/kronos/adapters.go:39.2,39.12 1 0
github.com/kljensen/kronos/adapters.go:43.42,45.19 2 0
github.com/kljensen/kronos/adapters.go:45.19,47.3 1 0
github.com/kljensen/kronos/adapters.go:50.2,50.47 1 0
github.com/kljensen/kronos/adapters.go:50.47,52.3 1 0
github.com/kljensen/kronos/adapters.go:53.2,53.12 1 0
github.com/kljensen/kronos/adapters.go:62.77,64.2 1 25
github.com/kljensen/kronos/adapters.go:67.59,69.2 1 24
github.com/kljensen/kronos/adapters.go:72.65,74.2 1 1
github.com/kljensen/kronos/adapters.go:77.46,79.2 1 0
github.com/kljensen/kronos/approximation.go:21.81,27.39 4 16
github.com/kljensen/kronos/approximation.go:27.39,30.3 2 2
github.com/kljensen/kronos/approximation.go:33.2,33.42 1 16
github.com/kljensen/kronos/approximation.go:33.42,36.35 2 96
github.com/kljensen/kronos/approximation.go:36.35,39.4 2 13
github.com/kljensen/kronos/approximation.go:42.2,42.50 1 16
github.com/kljensen/kronos/casual_references.go:5.63,16.2 8 2
github.com/kljensen/kronos/casual_references.go:20.65,31.2 8 2
github.com/kljensen/kronos/casual_references.go:35.69,40.2 4 4
github.com/kljensen/kronos/casual_references.go:44.68,49.2 4 6
github.com/kljensen/kronos/casual_references.go:53.83,55.2 1 6
github.com/kljensen/kronos/casual_references.go:59.82,71.2 8 14
github.com/kljensen/kronos/casual_references.go:75.67,77.2 1 2
github.com/kljensen/kronos/casual_references.go:80.90,91.2 8 3
github.com/kljensen/kronos/casual_references.go:96.69,98.2 1 3
github.com/kljensen/kronos/casual_references.go:101.92,106.27 3 3
github.com/kljensen/kronos/casual_references.go:106.27,108.3 1 1
github.com/kljensen/kronos/casual_references.go:110.2,115.18 5 3
github.com/kljensen/kronos/casual_references.go:120.67,122.2 1 2
github.com/kljensen/kronos/casual_references.go:125.90,134.2 6 2
github.com/kljensen/kronos/casual_references.go:137.76,139.2 1 1
github.com/kljensen/kronos/casual_references.go:142.99,156.2 10 1
github.com/kljensen/kronos/casual_references.go:161.68,166.27 3 3
github.com/kljensen/kronos/casual_references.go:166.27,169.17 3 2
github.com/kljensen/kronos/casual_references.go:169.17,172.4 1 0
github.com/kljensen/kronos/casual_references.go:173.3,173.39 1 2
github.com/kljensen/kronos/casual_references.go:176.2,183.18 7 3
github.com/kljensen/kronos/casual_references.go:188.67,190.2 1 2
github.com/kljensen/kronos/casual_references.go:193.90,205.2 9 2
github.com/kljensen/kronos/casual_references.go:209.69,211.2 1 2
github.com/kljensen/kronos/casual_references.go:214.92,226.2 9 2
github.com/kljensen/kronos/casual_references.go:229.64,241.2 9 2
github.com/kljensen/kronos/chrono.go:18.47,19.19 1 34
github.com/kljensen/kronos/chrono.go:19.19,24.3 1 1
github.com/kljensen/kronos/chrono.go:26.2,29.3 1 33
github.com/kljensen/kronos/chrono.go:34.34,39.2 1 1
github.com/kljensen/kronos/chrono.go:43.102,45.22 2 2
github.com/kljensen/kronos/chrono.go:45.22,48.3 2 1
github.com/kljensen/kronos/chrono.go:49.2,49.12 1 1
github.com/kljensen/kronos/chrono.go:55.119,64.2 2 0
github.com/kljensen/kronos/chrono.go:68.117,70.16 2 0
github.com/kljensen/kronos/chrono.go:70.16,72.3 1 0
github.com/kljensen/kronos/chrono.go:73.2,73.22 1 0
github.com/kljensen/kronos/chrono.go:73.22,76.3 2 0
github.com/kljensen/kronos/chrono.go:77.2,77.17 1 0
github.com/kljensen/kronos/chrono.go:87.104,91.35 3 10
github.com/kljensen/kronos/chrono.go:91.35,94.3 2 10
github.com/kljensen/kronos/chrono.go:97.2,97.42 1 10
github.com/kljensen/kronos/chrono.go:97.42,99.3 1 3
github.com/kljensen/kronos/chrono.go:102.2,102.37 1 10
github.com/kljensen/kronos/chrono.go:102.37,104.3 1 1
github.com/kljensen/kronos/chrono.go:106.2,106.16 1 10
github.com/kljensen/kronos/chrono.go:115.89,123.6 5 10
github.com/kljensen/kronos/chrono.go:123.6,125.19 2 22
github.com/kljensen/kronos/chrono.go:125.19,126.9 1 10
github.com/kljensen/kronos/chrono.go:130.3,138.38 5 12
github.com/kljensen/kronos/chrono.go:138.38,139.21 1 24
github.com/kljensen/kronos/chrono.go:139.21,141.5 1 24
github.com/kljensen/kronos/chrono.go:141.10,143.5 1 0
github.com/kljensen/kronos/chrono.go:147.3,148.20 2 12
github.com/kljensen/kronos/chrono.go:148.20,151.12 2 1
github.com/kljensen/kronos/chrono.go:156.3,158.29 3 11
github.com/kljensen/kronos/chrono.go:159.23,162.27 2 1
github.com/kljensen/kronos/chrono.go:162.27,164.13 2 0
github.com/kljensen/kronos/chrono.go:169.4,172.40 3 1
github.com/kljensen/kronos/chrono.go:173.35,178.28 2 0
github.com/kljensen/kronos/chrono.go:178.28,181.5 1 0
github.com/kljensen/kronos/chrono.go:181.10,184.5 1 0
github.com/kljensen/kronos/chrono.go:185.4,188.40 3 0
github.com/kljensen/kronos/chrono.go:189.27,193.40 3 1
github.com/kljensen/kronos/chrono.go:194.26,197.40 2 9
github.com/kljensen/kronos/chrono.go:198.11,201.12 2 0
github.com/kljensen/kronos/chrono.go:205.3,205.24 1 11
github.com/kljensen/kronos/chrono.go:205.25,208.4 0 0
github.com/kljensen/kronos/chrono.go:210.3,213.45 2 11
github.com/kljensen/kronos/chrono.go:216.2,216.16 1 10
github.com/kljensen/kronos/context.go:19.97,21.19 2 54
github.com/kljensen/kronos/context.go:21.19,23.3 1 32
github.com/kljensen/kronos/context.go:25.2,26.26 2 54
github.com/kljensen/kronos/context.go:26.26,28.3 1 0
github.com/kljensen/kronos/context.go:30.2,41.3 3 54
github.com/kljensen/kronos/context.go:46.105,53.24 3 1
github.com/kljensen/kronos/context.go:53.24,55.3 1 1
github.com/kljensen/kronos/context.go:57.2,65.12 2 1
github.com/kljensen/kronos/context.go:71.95,72.23 1 38
github.com/kljensen/kronos/context.go:72.23,74.3 1 18
github.com/kljensen/kronos/context.go:76.2,76.32 1 20
github.com/kljensen/kronos/context.go:77.26,78.11 1 1
github.com/kljensen/kronos/context.go:79.25,80.48 1 19
github.com/kljensen/kronos/context.go:81.10,82.50 1 0
github.com/kljensen/kronos/context.go:92.123,98.36 4 54
github.com/kljensen/kronos/context.go:99.14,100.11 1 51
github.com/kljensen/kronos/context.go:101.11,104.16 2 3
github.com/kljensen/kronos/context.go:104.16,106.4 1 1
github.com/kljensen/kronos/context.go:107.3,107.31 1 3
github.com/kljensen/kronos/context.go:107.31,109.4 1 1
github.com/kljensen/kronos/context.go:110.3,110.28 1 3
github.com/kljensen/kronos/context.go:110.28,112.4 1 0
github.com/kljensen/kronos/context.go:113.3,113.34 1 3
github.com/kljensen/kronos/context.go:114.10,115.12 1 0
github.com/kljensen/kronos/context.go:119.2,119.27 1 54
github.com/kljensen/kronos/context.go:119.27,120.17 1 44
github.com/kljensen/kronos/context.go:120.17,121.12 1 14
github.com/kljensen/kronos/context.go:124.3,124.26 1 30
github.com/kljensen/kronos/context.go:125.27,126.20 1 18
github.com/kljensen/kronos/context.go:126.20,128.5 1 16
github.com/kljensen/kronos/context.go:128.10,130.5 1 2
github.com/kljensen/kronos/context.go:131.26,132.20 1 12
github.com/kljensen/kronos/context.go:132.20,134.5 1 11
github.com/kljensen/kronos/context.go:134.10,136.5 1 1
github.com/kljensen/kronos/context.go:140.2,140.65 1 54
github.com/kljensen/kronos/context.go:144.45,145.29 1 14
github.com/kljensen/kronos/context.go:145.29,147.3 1 2
github.com/kljensen/kronos/context.go:151.42,153.2 1 385
github.com/kljensen/kronos/context.go:156.51,158.2 1 60
github.com/kljensen/kronos/context.go:161.63,163.2 1 29
github.com/kljensen/kronos/context.go:166.48,168.2 1 9
github.com/kljensen/kronos/context.go:171.49,173.2 1 2
github.com/kljensen/kronos/dates.go:7.71,11.2 3 32
github.com/kljensen/kronos/dates.go:15.71,28.21 10 9
github.com/kljensen/kronos/dates.go:28.21,30.3 1 0
github.com/kljensen/kronos/dates.go:31.2,31.20 1 9
github.com/kljensen/kronos/dates.go:31.20,33.3 1 0
github.com/kljensen/kronos/dates.go:36.2,36.33 1 9
github.com/kljensen/kronos/dates.go:36.33,38.3 1 1
github.com/kljensen/kronos/dates.go:38.8,40.3 1 8
github.com/kljensen/kronos/dates.go:45.70,49.2 3 6
github.com/kljensen/kronos/dates.go:53.70,66.21 10 31
github.com/kljensen/kronos/dates.go:66.21,68.3 1 2
github.com/kljensen/kronos/dates.go:69.2,69.20 1 31
github.com/kljensen/kronos/dates.go:69.20,71.3 1 2
github.com/kljensen/kronos/dates.go:74.2,74.33 1 31
github.com/kljensen/kronos/dates.go:74.33,76.3 1 1
github.com/kljensen/kronos/dates.go:76.8,78.3 1 30
github.com/kljensen/kronos/dates.go:93.44,97.34 2 14
github.com/kljensen/kronos/dates.go:97.34,99.3 1 7
github.com/kljensen/kronos/dates.go:102.2,109.53 4 7
github.com/kljensen/kronos/dates.go:109.53,111.3 1 4
github.com/kljensen/kronos/dates.go:114.2,115.31 2 3
github.com/kljensen/kronos/dates.go:130.66,132.2 1 7
github.com/kljensen/kronos/dates.go:156.107,163.29 4 21
github.com/kljensen/kronos/dates.go:163.29,165.3 1 12
github.com/kljensen/kronos/dates.go:168.2,175.20 2 9
github.com/kljensen/kronos/dates.go:176.18,178.45 1 1
github.com/kljensen/kronos/dates.go:178.45,179.69 1 2
github.com/kljensen/kronos/dates.go:179.69,181.5 1 1
github.com/kljensen/kronos/dates.go:184.3,184.30 1 0
github.com/kljensen/kronos/dates.go:186.20,188.40 1 1
github.com/kljensen/kronos/dates.go:188.40,189.68 1 3
github.com/kljensen/kronos/dates.go:189.68,191.5 1 1
github.com/kljensen/kronos/dates.go:194.3,194.46 1 0
github.com/kljensen/kronos/dates.go:196.10,201.40 3 7
github.com/kljensen/kronos/dates.go:201.40,203.16 2 21
github.com/kljensen/kronos/dates.go:203.16,205.5 1 10
github.com/kljensen/kronos/dates.go:207.4,207.32 1 21
github.com/kljensen/kronos/dates.go:207.32,210.5 2 15
github.com/kljensen/kronos/dates.go:213.3,213.21 1 7
github.com/kljensen/kronos/dates.go:229.32,230.19 1 167
github.com/kljensen/kronos/dates.go:230.19,232.3 1 6
github.com/kljensen/kronos/dates.go:233.2,233.19 1 161
github.com/kljensen/kronos/dates.go:233.19,235.3 1 20
github.com/kljensen/kronos/dates.go:236.2,236.20 1 141
github.com/kljensen/kronos/dates.go:247.45,249.51 2 20
github.com/kljensen/kronos/dates.go:249.51,250.23 1 64
github.com/kljensen/kronos/dates.go:250.23,252.4 1 17
github.com/kljensen/kronos/dates.go:255.2,255.17 1 3
github.com/kljensen/kronos/dates.go:266.41,268.51 2 19
github.com/kljensen/kronos/dates.go:268.51,269.23 1 66
github.com/kljensen/kronos/dates.go:269.23,271.4 1 19
github.com/kljensen/kronos/dates.go:274.2,274.17 1 0
github.com/kljensen/kronos/dates.go:289.71,291.26 1 25
github.com/kljensen/kronos/dates.go:291.26,293.3 1 8
github.com/kljensen/kronos/dates.go:295.2,295.20 1 17
github.com/kljensen/kronos/dates.go:296.18,297.40 1 6
github.com/kljensen/kronos/dates.go:299.20,300.36 1 6
github.com/kljensen/kronos/dates.go:302.10,313.31 5 5
github.com/kljensen/kronos/dates.go:313.31,315.4 1 4
github.com/kljensen/kronos/dates.go:316.3,316.14 1 1
github.com/kljensen/kronos/duration.go:34.38,36.38 2 136
github.com/kljensen/kronos/duration.go:36.38,38.3 1 7
github.com/kljensen/kronos/duration.go:39.2,39.12 1 129
github.com/kljensen/kronos/duration.go:43.41,44.29 1 65
github.com/kljensen/kronos/duration.go:44.29,45.48 1 88
github.com/kljensen/kronos/duration.go:45.48,47.4 1 6
github.com/kljensen/kronos/duration.go:49.3,50.15 2 82
github.com/kljensen/kronos/duration.go:51.37,52.35 1 19
github.com/kljensen/kronos/duration.go:52.35,54.5 1 4
github.com/kljensen/kronos/duration.go:55.39,56.36 1 19
github.com/kljensen/kronos/duration.go:56.36,58.5 1 2
github.com/kljensen/kronos/duration.go:59.34,60.34 1 26
github.com/kljensen/kronos/duration.go:60.34,62.5 1 2
github.com/kljensen/kronos/duration.go:63.21,64.35 1 6
github.com/kljensen/kronos/duration.go:64.35,66.5 1 1
github.com/kljensen/kronos/duration.go:67.23,68.37 1 3
github.com/kljensen/kronos/duration.go:68.37,70.5 1 0
github.com/kljensen/kronos/duration.go:73.2,73.12 1 50
github.com/kljensen/kronos/duration.go:77.47,82.45 4 54
github.com/kljensen/kronos/duration.go:82.45,84.3 1 2
github.com/kljensen/kronos/duration.go:85.2,85.47 1 52
github.com/kljensen/kronos/duration.go:85.47,87.3 1 3
github.com/kljensen/kronos/duration.go:88.2,88.43 1 49
github.com/kljensen/kronos/duration.go:88.43,90.3 1 1
github.com/kljensen/kronos/duration.go:92.2,92.12 1 48
github.com/kljensen/kronos/duration.go:96.66,97.52 1 27
github.com/kljensen/kronos/duration.go:97.52,99.3 1 0
github.com/kljensen/kronos/duration.go:100.2,100.12 1 27
github.com/kljensen/kronos/duration.go:107.71,109.42 1 60
github.com/kljensen/kronos/duration.go:109.42,111.3 1 2
github.com/kljensen/kronos/duration.go:114.2,114.51 1 58
github.com/kljensen/kronos/duration.go:114.51,116.3 1 9
github.com/kljensen/kronos/duration.go:119.2,119.57 1 49
github.com/kljensen/kronos/duration.go:119.57,121.3 1 2
github.com/kljensen/kronos/duration.go:123.2,127.29 3 47
github.com/kljensen/kronos/duration.go:127.29,129.3 1 66
github.com/kljensen/kronos/duration.go:132.2,132.52 1 47
github.com/kljensen/kronos/duration.go:132.52,135.3 2 0
github.com/kljensen/kronos/duration.go:138.2,138.50 1 47
github.com/kljensen/kronos/duration.go:138.50,139.68 1 12
github.com/kljensen/kronos/duration.go:139.68,141.4 1 0
github.com/kljensen/kronos/duration.go:142.3,144.44 3 12
github.com/kljensen/kronos/duration.go:144.44,146.4 1 2
github.com/kljensen/kronos/duration.go:147.3,148.21 2 10
github.com/kljensen/kronos/duration.go:148.21,150.4 1 1
github.com/kljensen/kronos/duration.go:154.2,154.53 1 45
github.com/kljensen/kronos/duration.go:154.53,155.71 1 2
github.com/kljensen/kronos/duration.go:155.71,157.4 1 0
github.com/kljensen/kronos/duration.go:158.3,160.44 3 2
github.com/kljensen/kronos/duration.go:160.44,162.4 1 0
github.com/kljensen/kronos/duration.go:166.2,166.51 1 45
github.com/kljensen/kronos/duration.go:166.51,167.69 1 13
github.com/kljensen/kronos/duration.go:167.69,169.4 1 0
github.com/kljensen/kronos/duration.go:170.3,172.44 3 13
github.com/kljensen/kronos/duration.go:172.44,174.4 1 1
github.com/kljensen/kronos/duration.go:175.3,176.21 2 12
github.com/kljensen/kronos/duration.go:176.21,178.4 1 2
github.com/kljensen/kronos/duration.go:182.2,182.50 1 44
github.com/kljensen/kronos/duration.go:182.50,186.21 4 6
github.com/kljensen/kronos/duration.go:186.21,191.16 3 0
github.com/kljensen/kronos/duration.go:191.16,193.5 1 0
github.com/kljensen/kronos/duration.go:193.10,193.23 1 0
github.com/kljensen/kronos/duration.go:193.23,195.5 1 0
github.com/kljensen/kronos/duration.go:200.2,200.49 1 44
github.com/kljensen/kronos/duration.go:200.49,204.21 4 19
github.com/kljensen/kronos/duration.go:204.21,209.17 3 0
github.com/kljensen/kronos/duration.go:209.17,211.5 1 0
github.com/kljensen/kronos/duration.go:211.10,211.24 1 0
github.com/kljensen/kronos/duration.go:211.24,213.5 1 0
github.com/kljensen/kronos/duration.go:218.2,218.50 1 44
github.com/kljensen/kronos/duration.go:218.50,222.21 4 5
github.com/kljensen/kronos/duration.go:222.21,228.19 3 0
github.com/kljensen/kronos/duration.go:228.19,230.5 1 0
github.com/kljensen/kronos/duration.go:230.10,230.26 1 0
github.com/kljensen/kronos/duration.go:230.26,232.5 1 0
github.com/kljensen/kronos/duration.go:237.2,237.52 1 44
github.com/kljensen/kronos/duration.go:237.52,241.21 4 3
github.com/kljensen/kronos/duration.go:241.21,247.19 3 0
github.com/kljensen/kronos/duration.go:247.19,249.5 1 0
github.com/kljensen/kronos/duration.go:249.10,249.26 1 0
github.com/kljensen/kronos/duration.go:249.26,251.5 1 0
github.com/kljensen/kronos/duration.go:256.2,256.52 1 44
github.com/kljensen/kronos/duration.go:256.52,260.21 4 5
github.com/kljensen/kronos/duration.go:260.21,266.24 3 0
github.com/kljensen/kronos/duration.go:266.24,268.5 1 0
github.com/kljensen/kronos/duration.go:268.10,268.31 1 0
github.com/kljensen/kronos/duration.go:268.31,270.5 1 0
github.com/kljensen/kronos/duration.go:275.2,275.57 1 44
github.com/kljensen/kronos/duration.go:275.57,279.21 4 4
github.com/kljensen/kronos/duration.go:279.21,283.24 3 0
github.com/kljensen/kronos/duration.go:283.24,285.5 1 0
github.com/kljensen/kronos/duration.go:285.10,285.31 1 0
github.com/kljensen/kronos/duration.go:285.31,287.5 1 0
github.com/kljensen/kronos/duration.go:292.2,292.57 1 44
github.com/kljensen/kronos/duration.go:292.57,296.21 4 0
github.com/kljensen/kronos/duration.go:296.21,300.23 3 0
github.com/kljensen/kronos/duration.go:300.23,302.5 1 0
github.com/kljensen/kronos/duration.go:302.10,302.30 1 0
github.com/kljensen/kronos/duration.go:302.30,304.5 1 0
github.com/kljensen/kronos/duration.go:309.2,309.56 1 44
github.com/kljensen/kronos/duration.go:309.56,312.3 2 0
github.com/kljensen/kronos/duration.go:315.2,315.43 1 44
github.com/kljensen/kronos/duration.go:315.43,317.3 1 0
github.com/kljensen/kronos/duration.go:319.2,319.18 1 44
github.com/kljensen/kronos/duration.go:324.50,326.33 2 4
github.com/kljensen/kronos/duration.go:326.33,328.3 1 7
github.com/kljensen/kronos/duration.go:329.2,329.17 1 4
github.com/kljensen/kronos/duration.go:334.52,336.2 1 12
github.com/kljensen/kronos/duration.go:340.54,342.2 1 15
github.com/kljensen/kronos/merging.go:6.80,10.24 4 1
github.com/kljensen/kronos/merging.go:10.24,12.3 1 0
github.com/kljensen/kronos/merging.go:14.2,16.56 2 1
github.com/kljensen/kronos/merging.go:16.56,18.30 2 0
github.com/kljensen/kronos/merging.go:18.30,20.4 1 0
github.com/kljensen/kronos/merging.go:20.9,22.4 1 0
github.com/kljensen/kronos/merging.go:23.3,23.30 1 0
github.com/kljensen/kronos/merging.go:23.30,25.4 1 0
github.com/kljensen/kronos/merging.go:25.9,27.4 1 0
github.com/kljensen/kronos/merging.go:28.3,28.25 1 0
github.com/kljensen/kronos/merging.go:28.25,30.4 1 0
github.com/kljensen/kronos/merging.go:32.3,36.82 2 0
github.com/kljensen/kronos/merging.go:36.82,38.43 2 0
github.com/kljensen/kronos/merging.go:38.43,40.5 1 0
github.com/kljensen/kronos/merging.go:40.10,42.5 1 0
github.com/kljensen/kronos/merging.go:45.3,45.27 1 0
github.com/kljensen/kronos/merging.go:48.2,48.15 1 1
github.com/kljensen/kronos/merging.go:52.87,63.39 8 1
github.com/kljensen/kronos/merging.go:63.39,64.21 1 1
github.com/kljensen/kronos/merging.go:64.21,66.4 1 1
github.com/kljensen/kronos/merging.go:67.3,67.23 1 1
github.com/kljensen/kronos/merging.go:67.23,69.4 1 1
github.com/kljensen/kronos/merging.go:71.3,71.42 1 1
github.com/kljensen/kronos/merging.go:71.42,72.24 1 0
github.com/kljensen/kronos/merging.go:72.24,74.5 1 0
github.com/kljensen/kronos/merging.go:75.4,75.29 1 0
github.com/kljensen/kronos/merging.go:75.29,76.49 1 0
github.com/kljensen/kronos/merging.go:76.49,78.6 1 0
github.com/kljensen/kronos/merging.go:78.11,80.6 1 0
github.com/kljensen/kronos/merging.go:82.4,82.29 1 0
github.com/kljensen/kronos/merging.go:82.29,83.49 1 0
github.com/kljensen/kronos/merging.go:83.49,85.6 1 0
github.com/kljensen/kronos/merging.go:85.11,87.6 1 0
github.com/kljensen/kronos/merging.go:89.4,89.28 1 0
github.com/kljensen/kronos/merging.go:89.28,90.48 1 0
github.com/kljensen/kronos/merging.go:90.48,92.6 1 0
github.com/kljensen/kronos/merging.go:92.11,94.6 1 0
github.com/kljensen/kronos/merging.go:96.9,97.24 1 1
github.com/kljensen/kronos/merging.go:97.24,99.5 1 1
github.com/kljensen/kronos/merging.go:100.4,100.29 1 1
github.com/kljensen/kronos/merging.go:100.29,102.5 1 1
github.com/kljensen/kronos/merging.go:103.4,103.29 1 1
github.com/kljensen/kronos/merging.go:103.29,105.5 1 0
github.com/kljensen/kronos/merging.go:106.4,106.28 1 1
github.com/kljensen/kronos/merging.go:106.28,108.5 1 0
github.com/kljensen/kronos/merging.go:110.8,111.21 1 0
github.com/kljensen/kronos/merging.go:111.21,113.4 1 0
github.com/kljensen/kronos/merging.go:114.3,114.23 1 0
github.com/kljensen/kronos/merging.go:114.23,116.4 1 0
github.com/kljensen/kronos/merging.go:117.3,117.23 1 0
github.com/kljensen/kronos/merging.go:117.23,119.4 1 0
github.com/kljensen/kronos/merging.go:120.3,120.28 1 0
github.com/kljensen/kronos/merging.go:120.28,122.4 1 0
github.com/kljensen/kronos/merging.go:123.3,123.28 1 0
github.com/kljensen/kronos/merging.go:123.28,125.4 1 0
github.com/kljensen/kronos/merging.go:126.3,126.27 1 0
github.com/kljensen/kronos/merging.go:126.27,128.4 1 0
github.com/kljensen/kronos/merging.go:132.2,132.49 1 1
github.com/kljensen/kronos/merging.go:132.49,133.67 1 0
github.com/kljensen/kronos/merging.go:133.67,135.4 1 0
github.com/kljensen/kronos/merging.go:139.2,141.43 3 1
github.com/kljensen/kronos/merging.go:141.43,142.26 1 1
github.com/kljensen/kronos/merging.go:142.26,144.4 1 1
github.com/kljensen/kronos/merging.go:145.8,145.103 1 0
github.com/kljensen/kronos/merging.go:145.103,147.3 1 0
github.com/kljensen/kronos/merging.go:152.2,154.125 3 1
github.com/kljensen/kronos/merging.go:154.125,155.40 1 0
github.com/kljensen/kronos/merging.go:155.40,157.4 1 0
github.com/kljensen/kronos/merging.go:157.9,159.4 1 0
github.com/kljensen/kronos/merging.go:163.2,163.35 1 1
github.com/kljensen/kronos/merging.go:163.35,165.3 1 2
github.com/kljensen/kronos/merging.go:166.2,166.35 1 1
github.com/kljensen/kronos/merging.go:166.35,168.3 1 1
github.com/kljensen/kronos/merging.go:172.2,176.58 3 1
github.com/kljensen/kronos/merging.go:176.58,178.3 1 1
github.com/kljensen/kronos/merging.go:178.8,180.30 1 0
github.com/kljensen/kronos/merging.go:180.30,182.4 1 0
github.com/kljensen/kronos/merging.go:182.9,184.4 1 0
github.com/kljensen/kronos/merging.go:187.2,187.15 1 1
github.com/kljensen/kronos/parser.go:39.41,40.19 1 33
github.com/kljensen/kronos/parser.go:40.19,42.3 1 0
github.com/kljensen/kronos/parser.go:45.2,54.3 2 33
github.com/kljensen/kronos/parser.go:59.77,63.2 3 17
github.com/kljensen/kronos/parser.go:67.49,70.2 2 2
github.com/kljensen/kronos/parser.go:74.49,77.2 2 1
github.com/kljensen/kronos/parser.go:82.67,85.2 2 5
github.com/kljensen/kronos/parser.go:89.53,92.2 2 3
github.com/kljensen/kronos/parser.go:96.55,99.2 2 2
github.com/kljensen/kronos/parser.go:103.62,106.2 2 1
github.com/kljensen/kronos/parser.go:110.60,113.2 2 2
github.com/kljensen/kronos/parser.go:123.62,126.2 2 1
github.com/kljensen/kronos/parser.go:130.54,133.2 2 1
github.com/kljensen/kronos/parser.go:137.62,140.16 2 20
github.com/kljensen/kronos/parser.go:140.16,142.3 1 0
github.com/kljensen/kronos/parser.go:145.2,146.28 2 20
github.com/kljensen/kronos/parser.go:146.28,148.3 1 17
github.com/kljensen/kronos/parser.go:149.2,149.27 1 20
github.com/kljensen/kronos/parser.go:154.68,156.16 2 8
github.com/kljensen/kronos/parser.go:156.16,158.3 1 0
github.com/kljensen/kronos/parser.go:159.2,159.22 1 8
github.com/kljensen/kronos/parser.go:159.22,162.3 2 6
github.com/kljensen/kronos/parser.go:163.2,163.17 1 2
github.com/kljensen/kronos/parser.go:173.59,175.2 1 2
github.com/kljensen/kronos/parser.go:184.65,186.2 1 1
github.com/kljensen/kronos/pipeline.go:18.70,19.19 1 29
github.com/kljensen/kronos/pipeline.go:19.19,24.3 1 23
github.com/kljensen/kronos/pipeline.go:26.2,30.3 1 29
github.com/kljensen/kronos/pipeline.go:37.91,39.51 1 26
github.com/kljensen/kronos/pipeline.go:39.51,41.3 1 2
github.com/kljensen/kronos/pipeline.go:44.2,51.9 2 24
github.com/kljensen/kronos/pipeline.go:52.40,55.29 2 1
github.com/kljensen/kronos/pipeline.go:56.21,58.59 1 23
github.com/kljensen/kronos/pipeline.go:59.10,61.52 1 0
github.com/kljensen/kronos/pipeline.go:65.2,65.35 1 24
github.com/kljensen/kronos/pipeline.go:65.35,67.3 1 0
github.com/kljensen/kronos/pipeline.go:70.2,70.76 1 24
github.com/kljensen/kronos/pipeline.go:70.76,72.3 1 1
github.com/kljensen/kronos/pipeline.go:75.2,75.19 1 24
github.com/kljensen/kronos/pipeline.go:75.19,77.3 1 24
github.com/kljensen/kronos/pipeline.go:79.2,79.22 1 24
github.com/kljensen/kronos/pipeline.go:84.64,89.2 1 0
github.com/kljensen/kronos/pipeline.go:93.86,96.16 2 26
github.com/kljensen/kronos/pipeline.go:96.16,98.3 1 0
github.com/kljensen/kronos/pipeline.go:101.2,102.28 2 26
github.com/kljensen/kronos/pipeline.go:102.28,106.3 3 1
github.com/kljensen/kronos/pipeline.go:109.2,110.35 2 26
github.com/kljensen/kronos/pipeline.go:110.35,112.25 1 155
github.com/kljensen/kronos/pipeline.go:112.25,113.11 1 0
github.com/kljensen/kronos/pipeline.go:114.23,115.75 1 0
github.com/kljensen/kronos/pipeline.go:116.12,116.12 0 0
github.com/kljensen/kronos/pipeline.go:121.3,122.46 2 155
github.com/kljensen/kronos/pipeline.go:126.2,126.42 1 26
github.com/kljensen/kronos/pipeline.go:126.42,128.3 1 11
github.com/kljensen/kronos/pipeline.go:131.2,131.37 1 26
github.com/kljensen/kronos/pipeline.go:131.37,133.3 1 127
github.com/kljensen/kronos/pipeline.go:136.2,136.30 1 26
github.com/kljensen/kronos/pipeline.go:136.30,138.3 1 1
github.com/kljensen/kronos/pipeline.go:141.2,141.38 1 26
github.com/kljensen/kronos/pipeline.go:141.38,143.3 1 1
github.com/kljensen/kronos/pipeline.go:146.2,146.33 1 26
github.com/kljensen/kronos/pipeline.go:146.33,148.17 2 1
github.com/kljensen/kronos/pipeline.go:148.17,150.4 1 0
github.com/kljensen/kronos/pipeline.go:153.2,153.21 1 26
github.com/kljensen/kronos/pipeline.go:158.91,166.6 5 155
github.com/kljensen/kronos/pipeline.go:166.6,168.19 2 203
github.com/kljensen/kronos/pipeline.go:168.19,169.9 1 155
github.com/kljensen/kronos/pipeline.go:173.3,181.38 5 48
github.com/kljensen/kronos/pipeline.go:181.38,182.21 1 327
github.com/kljensen/kronos/pipeline.go:182.21,184.5 1 207
github.com/kljensen/kronos/pipeline.go:184.10,186.5 1 120
github.com/kljensen/kronos/pipeline.go:190.3,191.20 2 48
github.com/kljensen/kronos/pipeline.go:191.20,193.12 2 20
github.com/kljensen/kronos/pipeline.go:197.3,199.29 3 28
github.com/kljensen/kronos/pipeline.go:200.23,202.27 2 7
github.com/kljensen/kronos/pipeline.go:202.27,204.13 2 2
github.com/kljensen/kronos/pipeline.go:206.4,208.40 3 5
github.com/kljensen/kronos/pipeline.go:209.35,211.28 2 19
github.com/kljensen/kronos/pipeline.go:211.28,213.5 1 19
github.com/kljensen/kronos/pipeline.go:213.10,215.5 1 0
github.com/kljensen/kronos/pipeline.go:216.4,218.40 3 19
github.com/kljensen/kronos/pipeline.go:219.27,222.40 3 2
github.com/kljensen/kronos/pipeline.go:223.26,225.40 2 0
github.com/kljensen/kronos/pipeline.go:226.11,228.12 2 0
github.com/kljensen/kronos/pipeline.go:231.3,232.45 2 26
github.com/kljensen/kronos/pipeline.go:235.2,235.16 1 155
github.com/kljensen/kronos/pipeline.go:240.85,242.33 2 2
github.com/kljensen/kronos/pipeline.go:242.33,249.26 4 2
github.com/kljensen/kronos/pipeline.go:249.26,251.4 1 1
github.com/kljensen/kronos/pipeline.go:253.2,253.17 1 2
github.com/kljensen/kronos/pipeline.go:257.82,258.39 1 3
github.com/kljensen/kronos/pipeline.go:258.39,260.3 1 1
github.com/kljensen/kronos/pipeline.go:262.2,263.33 2 2
github.com/kljensen/kronos/pipeline.go:263.33,267.48 3 2
github.com/kljensen/kronos/pipeline.go:267.48,269.35 2 3
github.com/kljensen/kronos/pipeline.go:269.35,271.10 2 1
github.com/kljensen/kronos/pipeline.go:275.3,275.18 1 2
github.com/kljensen/kronos/pipeline.go:275.18,277.4 1 1
github.com/kljensen/kronos/pipeline.go:279.2,279.17 1 2
github.com/kljensen/kronos/pipeline.go:286.96,288.16 2 23
github.com/kljensen/kronos/pipeline.go:288.16,290.3 1 2
github.com/kljensen/kronos/pipeline.go:293.2,293.33 1 21
github.com/kljensen/kronos/pipeline.go:293.33,294.26 1 19
github.com/kljensen/kronos/pipeline.go:294.26,306.4 9 19
github.com/kljensen/kronos/pipeline.go:309.3,309.24 1 19
github.com/kljensen/kronos/pipeline.go:309.24,319.4 7 1
github.com/kljensen/kronos/pipeline.go:322.2,322.21 1 21
github.com/kljensen/kronos/pipeline.go:328.78,330.41 1 21
github.com/kljensen/kronos/pipeline.go:330.41,332.3 1 18
github.com/kljensen/kronos/pipeline.go:332.8,332.49 1 3
github.com/kljensen/kronos/pipeline.go:332.49,334.3 1 3
github.com/kljensen/kronos/pipeline.go:336.2,336.42 1 21
github.com/kljensen/kronos/pipeline.go:336.42,338.3 1 18
github.com/kljensen/kronos/pipeline.go:338.8,338.50 1 3
github.com/kljensen/kronos/pipeline.go:338.50,340.3 1 3
github.com/kljensen/kronos/pipeline.go:342.2,342.40 1 21
github.com/kljensen/kronos/pipeline.go:342.40,344.3 1 18
github.com/kljensen/kronos/pipeline.go:344.8,344.48 1 3
github.com/kljensen/kronos/pipeline.go:344.48,346.3 1 3
github.com/kljensen/kronos/pipeline.go:349.2,349.41 1 21
github.com/kljensen/kronos/pipeline.go:349.41,351.3 1 19
github.com/kljensen/kronos/pipeline.go:351.8,351.49 1 2
github.com/kljensen/kronos/pipeline.go:351.49,353.3 1 2
github.com/kljensen/kronos/pipeline.go:355.2,355.43 1 21
github.com/kljensen/kronos/pipeline.go:355.43,357.3 1 15
github.com/kljensen/kronos/pipeline.go:357.8,357.51 1 6
github.com/kljensen/kronos/pipeline.go:357.51,359.3 1 6
github.com/kljensen/kronos/pipeline.go:361.2,361.43 1 21
github.com/kljensen/kronos/pipeline.go:361.43,363.3 1 15
github.com/kljensen/kronos/pipeline.go:363.8,363.51 1 6
github.com/kljensen/kronos/pipeline.go:363.51,365.3 1 6
github.com/kljensen/kronos/pipeline.go:368.2,374.48 6 21
github.com/kljensen/kronos/pipeline.go:374.48,376.3 1 2
github.com/kljensen/kronos/pipeline.go:376.8,376.56 1 19
github.com/kljensen/kronos/pipeline.go:376.56,378.3 1 19
github.com/kljensen/kronos/pipeline.go:380.2,380.48 1 21
github.com/kljensen/kronos/pipeline.go:380.48,382.3 1 2
github.com/kljensen/kronos/pipeline.go:382.8,382.56 1 19
github.com/kljensen/kronos/pipeline.go:382.56,384.3 1 0
github.com/kljensen/kronos/pipeline.go:386.2,386.47 1 21
github.com/kljensen/kronos/pipeline.go:386.47,388.3 1 2
github.com/kljensen/kronos/pipeline.go:388.8,388.55 1 19
github.com/kljensen/kronos/pipeline.go:388.55,390.3 1 0
github.com/kljensen/kronos/pipeline.go:393.2,394.34 2 21
github.com/kljensen/kronos/pipeline.go:394.34,396.3 1 15
github.com/kljensen/kronos/pipeline.go:398.2,398.45 1 21
github.com/kljensen/kronos/pipeline.go:398.45,400.3 1 2
github.com/kljensen/kronos/pipeline.go:400.8,400.53 1 19
github.com/kljensen/kronos/pipeline.go:400.53,402.3 1 0
github.com/kljensen/kronos/pipeline.go:405.2,408.51 3 21
github.com/kljensen/kronos/pipeline.go:408.51,410.3 1 1
github.com/kljensen/kronos/pipeline.go:410.8,410.59 1 20
github.com/kljensen/kronos/pipeline.go:410.59,412.3 1 0
github.com/kljensen/kronos/pipeline.go:417.124,419.16 2 22
github.com/kljensen/kronos/pipeline.go:419.16,421.3 1 1
github.com/kljensen/kronos/pipeline.go:423.2,423.40 1 21
github.com/kljensen/kronos/pipeline.go:428.38,430.2 1 0
github.com/kljensen/kronos/registry.go:49.42,54.2 1 17
github.com/kljensen/kronos/registry.go:58.68,60.2 1 20
github.com/kljensen/kronos/registry.go:64.94,73.2 4 40
github.com/kljensen/kronos/registry.go:77.56,81.34 3 2
github.com/kljensen/kronos/registry.go:81.34,83.3 1 1
github.com/kljensen/kronos/registry.go:84.2,84.12 1 1
github.com/kljensen/kronos/registry.go:89.62,94.29 4 3
github.com/kljensen/kronos/registry.go:94.29,95.35 1 5
github.com/kljensen/kronos/registry.go:95.35,97.4 1 4
github.com/kljensen/kronos/registry.go:99.2,99.16 1 3
github.com/kljensen/kronos/registry.go:104.51,110.30 4 2
github.com/kljensen/kronos/registry.go:110.30,112.3 1 5
github.com/kljensen/kronos/registry.go:115.2,115.39 1 2
github.com/kljensen/kronos/registry.go:115.39,117.3 1 4
github.com/kljensen/kronos/registry.go:120.2,121.25 2 2
github.com/kljensen/kronos/registry.go:121.25,123.3 1 5
github.com/kljensen/kronos/registry.go:125.2,125.16 1 2
github.com/kljensen/kronos/registry.go:129.63,134.30 4 2
github.com/kljensen/kronos/registry.go:134.30,135.33 1 4
github.com/kljensen/kronos/registry.go:135.33,136.16 1 7
github.com/kljensen/kronos/registry.go:136.16,138.10 2 3
github.com/kljensen/kronos/registry.go:142.2,142.16 1 2
github.com/kljensen/kronos/registry.go:146.53,151.30 4 2
github.com/kljensen/kronos/registry.go:151.30,153.3 1 3
github.com/kljensen/kronos/registry.go:156.2,156.40 1 2
github.com/kljensen/kronos/registry.go:156.40,158.3 1 1
github.com/kljensen/kronos/registry.go:160.2,160.14 1 2
github.com/kljensen/kronos/registry.go:164.54,169.2 4 9
github.com/kljensen/kronos/registry.go:173.58,177.2 3 2
github.com/kljensen/kronos/registry.go:180.53,184.2 3 2
github.com/kljensen/kronos/registry.go:188.34,193.2 4 3
github.com/kljensen/kronos/results.go:18.94,19.22 1 146
github.com/kljensen/kronos/results.go:19.22,21.3 1 18
github.com/kljensen/kronos/results.go:22.2,25.3 1 146
github.com/kljensen/kronos/results.go:29.81,31.2 1 1
github.com/kljensen/kronos/results.go:35.93,36.18 1 58
github.com/kljensen/kronos/results.go:36.18,38.3 1 16
github.com/kljensen/kronos/results.go:40.2,40.27 1 42
github.com/kljensen/kronos/results.go:41.17,42.42 1 40
github.com/kljensen/kronos/results.go:43.24,45.23 2 2
github.com/kljensen/kronos/results.go:45.23,47.4 1 2
github.com/kljensen/kronos/results.go:49.3,50.24 2 2
github.com/kljensen/kronos/results.go:50.24,52.4 1 2
github.com/kljensen/kronos/results.go:54.3,54.59 1 2
github.com/kljensen/kronos/results.go:55.10,56.52 1 0
github.com/kljensen/kronos/results.go:63.73,65.29 2 250
github.com/kljensen/kronos/results.go:65.29,68.3 2 0
github.com/kljensen/kronos/results.go:69.2,69.13 1 250
github.com/kljensen/kronos/results.go:74.116,77.38 2 40
github.com/kljensen/kronos/results.go:77.38,80.3 1 1
github.com/kljensen/kronos/results.go:82.2,86.35 4 40
github.com/kljensen/kronos/results.go:86.35,88.3 1 2
github.com/kljensen/kronos/results.go:88.8,88.36 1 38
github.com/kljensen/kronos/results.go:88.36,90.3 1 3
github.com/kljensen/kronos/results.go:92.2,92.53 1 40
github.com/kljensen/kronos/results.go:97.57,100.29 2 22
github.com/kljensen/kronos/results.go:100.29,102.3 1 2
github.com/kljensen/kronos/results.go:103.2,104.34 2 20
github.com/kljensen/kronos/results.go:108.53,110.2 1 157
github.com/kljensen/kronos/results.go:124.115,132.36 2 203
github.com/kljensen/kronos/results.go:132.36,134.3 1 61
github.com/kljensen/kronos/results.go:137.2,148.11 10 203
github.com/kljensen/kronos/results.go:152.66,155.2 2 424
github.com/kljensen/kronos/results.go:159.60,160.54 1 895
github.com/kljensen/kronos/results.go:160.54,162.3 1 409
github.com/kljensen/kronos/results.go:163.2,163.56 1 486
github.com/kljensen/kronos/results.go:163.56,165.3 1 275
github.com/kljensen/kronos/results.go:166.2,166.12 1 211
github.com/kljensen/kronos/results.go:171.88,175.2 3 519
github.com/kljensen/kronos/results.go:179.87,180.52 1 1727
github.com/kljensen/kronos/results.go:180.52,182.3 1 67
github.com/kljensen/kronos/results.go:183.2,184.11 2 1660
github.com/kljensen/kronos/results.go:188.81,189.39 1 17
github.com/kljensen/kronos/results.go:189.39,192.3 2 18
github.com/kljensen/kronos/results.go:193.2,193.11 1 17
github.com/kljensen/kronos/results.go:197.57,206.35 2 5
github.com/kljensen/kronos/results.go:206.35,208.3 1 8
github.com/kljensen/kronos/results.go:209.2,209.37 1 5
github.com/kljensen/kronos/results.go:209.37,211.3 1 27
github.com/kljensen/kronos/results.go:212.2,212.28 1 5
github.com/kljensen/kronos/results.go:212.28,214.3 1 7
github.com/kljensen/kronos/results.go:216.2,216.14 1 5
github.com/kljensen/kronos/results.go:220.48,222.2 1 4
github.com/kljensen/kronos/results.go:225.48,228.2 1 5
github.com/kljensen/kronos/results.go:231.60,233.2 1 4
github.com/kljensen/kronos/results.go:236.59,238.2 1 10
github.com/kljensen/kronos/results.go:241.49,245.47 3 10
github.com/kljensen/kronos/results.go:245.47,247.3 1 0
github.com/kljensen/kronos/results.go:249.2,250.55 2 10
github.com/kljensen/kronos/results.go:250.55,252.3 1 1
github.com/kljensen/kronos/results.go:254.2,255.44 2 9
github.com/kljensen/kronos/results.go:255.44,257.3 1 0
github.com/kljensen/kronos/results.go:259.2,260.47 2 9
github.com/kljensen/kronos/results.go:260.47,262.3 1 0
github.com/kljensen/kronos/results.go:264.2,265.53 2 9
github.com/kljensen/kronos/results.go:265.53,267.3 1 0
github.com/kljensen/kronos/results.go:269.2,269.13 1 9
github.com/kljensen/kronos/results.go:274.47,281.2 4 40
github.com/kljensen/kronos/results.go:285.72,307.59 13 50
github.com/kljensen/kronos/results.go:307.59,309.3 1 49
github.com/kljensen/kronos/results.go:311.2,311.92 1 50
github.com/kljensen/kronos/results.go:316.50,337.2 12 0
github.com/kljensen/kronos/results.go:340.68,343.2 2 99
github.com/kljensen/kronos/results.go:346.53,348.28 2 30
github.com/kljensen/kronos/results.go:348.28,350.3 1 36
github.com/kljensen/kronos/results.go:351.2,351.13 1 30
github.com/kljensen/kronos/results.go:355.46,357.27 2 1
github.com/kljensen/kronos/results.go:357.27,359.3 1 1
github.com/kljensen/kronos/results.go:361.2,362.45 1 1
github.com/kljensen/kronos/results.go:366.65,368.2 1 0
github.com/kljensen/kronos/results.go:371.46,373.2 1 30
github.com/kljensen/kronos/results.go:376.74,379.2 2 90
github.com/kljensen/kronos/results.go:384.60,385.21 1 30
github.com/kljensen/kronos/results.go:385.21,387.3 1 1
github.com/kljensen/kronos/results.go:391.2,391.84 1 29
github.com/kljensen/kronos/results.go:391.84,392.46 1 79
github.com/kljensen/kronos/results.go:392.46,394.4 1 9
github.com/kljensen/kronos/results.go:398.2,398.48 1 20
github.com/kljensen/kronos/results.go:398.48,400.3 1 6
github.com/kljensen/kronos/results.go:403.2,403.49 1 14
github.com/kljensen/kronos/results.go:403.49,405.3 1 3
github.com/kljensen/kronos/results.go:408.2,408.50 1 11
github.com/kljensen/kronos/results.go:408.50,410.3 1 5
github.com/kljensen/kronos/results.go:413.2,413.85 1 6
github.com/kljensen/kronos/results.go:413.85,414.46 1 11
github.com/kljensen/kronos/results.go:414.46,416.4 1 6
github.com/kljensen/kronos/results.go:420.2,420.18 1 0
github.com/kljensen/kronos/results.go:426.66,427.15 1 7
github.com/kljensen/kronos/results.go:427.15,429.3 1 1
github.com/kljensen/kronos/results.go:432.2,432.99 1 6
github.com/kljensen/kronos/results.go:432.99,434.3 1 1
github.com/kljensen/kronos/results.go:437.2,437.32 1 5
github.com/kljensen/kronos/results.go:437.32,439.3 1 1
github.com/kljensen/kronos/results.go:442.2,442.67 1 4
github.com/kljensen/kronos/results.go:442.67,444.3 1 1
github.com/kljensen/kronos/results.go:447.2,447.34 1 3
github.com/kljensen/kronos/results.go:447.34,449.3 1 1
github.com/kljensen/kronos/results.go:452.2,452.33 1 2
github.com/kljensen/kronos/results.go:452.33,454.3 1 1
github.com/kljensen/kronos/results.go:457.2,457.22 1 1
github.com/kljensen/kronos/results.go:464.106,465.21 1 17
github.com/kljensen/kronos/results.go:465.21,467.3 1 1
github.com/kljensen/kronos/results.go:469.2,470.16 2 17
github.com/kljensen/kronos/results.go:470.16,473.3 1 0
github.com/kljensen/kronos/results.go:475.2,484.105 6 17
github.com/kljensen/kronos/results.go:484.105,485.46 1 57
github.com/kljensen/kronos/results.go:485.46,487.9 2 5
github.com/kljensen/kronos/results.go:491.2,491.23 1 17
github.com/kljensen/kronos/results.go:491.23,497.3 4 5
github.com/kljensen/kronos/results.go:497.8,503.65 3 12
github.com/kljensen/kronos/results.go:503.65,509.4 4 4
github.com/kljensen/kronos/results.go:509.9,509.75 1 8
github.com/kljensen/kronos/results.go:509.75,515.4 4 2
github.com/kljensen/kronos/results.go:515.9,519.72 2 6
github.com/kljensen/kronos/results.go:519.72,523.5 2 3
github.com/kljensen/kronos/results.go:523.10,527.70 2 3
github.com/kljensen/kronos/results.go:527.70,530.6 1 2
github.com/kljensen/kronos/results.go:530.11,530.86 1 1
github.com/kljensen/kronos/results.go:530.86,533.6 1 1
github.com/kljensen/kronos/results.go:533.11,536.6 1 0
github.com/kljensen/kronos/results.go:541.2,541.19 1 17
github.com/kljensen/kronos/results.go:547.89,553.16 3 2
github.com/kljensen/kronos/results.go:553.16,556.3 1 0
github.com/kljensen/kronos/results.go:559.2,562.11 3 2
github.com/kljensen/kronos/results.go:576.127,577.18 1 90
github.com/kljensen/kronos/results.go:577.18,579.3 1 37
github.com/kljensen/kronos/results.go:581.2,588.3 1 90
github.com/kljensen/kronos/results.go:592.49,594.21 2 2
github.com/kljensen/kronos/results.go:594.21,596.3 1 2
github.com/kljensen/kronos/results.go:598.2,599.19 2 2
github.com/kljensen/kronos/results.go:599.19,601.3 1 0
github.com/kljensen/kronos/results.go:603.2,603.80 1 2
github.com/kljensen/kronos/results.go:607.43,609.2 1 14
github.com/kljensen/kronos/results.go:612.60,614.19 2 5
github.com/kljensen/kronos/results.go:614.19,616.3 1 1
github.com/kljensen/kronos/results.go:617.2,617.11 1 5
github.com/kljensen/kronos/results.go:621.49,624.35 2 5
github.com/kljensen/kronos/results.go:624.35,626.3 1 6
github.com/kljensen/kronos/results.go:628.2,628.19 1 5
github.com/kljensen/kronos/results.go:628.19,629.34 1 1
github.com/kljensen/kronos/results.go:629.34,631.4 1 1
github.com/kljensen/kronos/results.go:634.2,634.21 1 5
github.com/kljensen/kronos/results.go:638.42,640.29 2 1
github.com/kljensen/kronos/results.go:640.29,642.3 1 1
github.com/kljensen/kronos/results.go:644.2,645.30 1 1
github.com/kljensen/kronos/results.go:649.46,651.2 1 3
github.com/kljensen/kronos/results.go:654.38,656.2 1 98
github.com/kljensen/kronos/results.go:660.46,662.2 1 6
github.com/kljensen/kronos/results.go:675.40,677.2 1 99
github.com/kljensen/kronos/results.go:680.51,682.2 1 99
github.com/kljensen/kronos/results.go:685.49,686.19 1 15
github.com/kljensen/kronos/results.go:686.19,688.3 1 11
github.com/kljensen/kronos/results.go:689.2,689.15 1 4
github.com/kljensen/kronos/results.go:693.54,694.16 1 450
github.com/kljensen/kronos/results.go:694.16,696.3 1 90
github.com/kljensen/kronos/results.go:697.2,697.13 1 360
github.com/kljensen/kronos/safety.go:11.74,12.15 1 37
github.com/kljensen/kronos/safety.go:12.15,14.3 1 0
github.com/kljensen/kronos/safety.go:16.2,17.30 2 37
github.com/kljensen/kronos/safety.go:17.30,19.3 1 0
github.com/kljensen/kronos/safety.go:21.2,21.25 1 37
github.com/kljensen/kronos/safety.go:28.60,29.15 1 31
github.com/kljensen/kronos/safety.go:29.15,31.3 1 0
github.com/kljensen/kronos/safety.go:32.2,32.17 1 31
github.com/kljensen/kronos/safety.go:32.17,34.3 1 0
github.com/kljensen/kronos/safety.go:35.2,35.23 1 31
github.com/kljensen/kronos/safety.go:35.23,37.3 1 0
github.com/kljensen/kronos/safety.go:38.2,38.21 1 31
github.com/kljensen/kronos/safety.go:38.21,40.3 1 0
github.com/kljensen/kronos/safety.go:42.2,42.30 1 31
github.com/kljensen/kronos/safety.go:89.41,113.2 9 130
github.com/kljensen/kronos/safety.go:117.44,118.49 1 134
github.com/kljensen/kronos/safety.go:118.49,120.3 1 1206
github.com/kljensen/kronos/safety.go:121.2,121.10 1 134
github.com/kljensen/kronos/safety.go:126.44,127.40 1 134
github.com/kljensen/kronos/safety.go:127.40,129.3 1 1072
github.com/kljensen/kronos/safety.go:130.2,130.10 1 134
github.com/kljensen/kronos/settings.go:21.36,22.11 1 3
github.com/kljensen/kronos/settings.go:23.20,24.15 1 1
github.com/kljensen/kronos/settings.go:25.20,26.15 1 1
github.com/kljensen/kronos/settings.go:27.20,28.15 1 1
github.com/kljensen/kronos/settings.go:29.10,30.15 1 0
github.com/kljensen/kronos/settings.go:47.40,48.11 1 3
github.com/kljensen/kronos/settings.go:49.24,50.19 1 1
github.com/kljensen/kronos/settings.go:51.22,52.17 1 1
github.com/kljensen/kronos/settings.go:53.21,54.16 1 1
github.com/kljensen/kronos/settings.go:55.10,56.19 1 0
github.com/kljensen/kronos/settings.go:100.33,120.2 1 94
github.com/kljensen/kronos/settings.go:124.41,126.22 1 67
github.com/kljensen/kronos/settings.go:126.22,127.58 1 67
github.com/kljensen/kronos/settings.go:127.58,129.4 1 4
github.com/kljensen/kronos/settings.go:133.2,133.24 1 63
github.com/kljensen/kronos/settings.go:133.24,134.60 1 2
github.com/kljensen/kronos/settings.go:134.60,136.4 1 0
github.com/kljensen/kronos/settings.go:140.2,148.38 2 63
github.com/kljensen/kronos/settings.go:148.38,149.24 1 7
github.com/kljensen/kronos/settings.go:149.24,151.4 1 1
github.com/kljensen/kronos/settings.go:155.2,155.62 1 62
github.com/kljensen/kronos/settings.go:155.62,157.3 1 0
github.com/kljensen/kronos/settings.go:160.2,160.81 1 62
github.com/kljensen/kronos/settings.go:160.81,162.3 1 0
github.com/kljensen/kronos/settings.go:165.2,165.81 1 62
github.com/kljensen/kronos/settings.go:165.81,167.3 1 0
github.com/kljensen/kronos/settings.go:169.2,169.12 1 62
github.com/kljensen/kronos/settings.go:174.76,182.2 1 31
github.com/kljensen/kronos/settings.go:186.96,188.51 1 30
github.com/kljensen/kronos/settings.go:188.51,190.3 1 1
github.com/kljensen/kronos/settings.go:193.2,193.24 1 29
github.com/kljensen/kronos/settings.go:193.24,195.3 1 29
github.com/kljensen/kronos/settings.go:198.2,198.44 1 29
github.com/kljensen/kronos/settings.go:198.44,201.3 1 2
github.com/kljensen/kronos/settings.go:204.2,205.34 2 29
github.com/kljensen/kronos/settings.go:205.34,207.3 1 17
github.com/kljensen/kronos/settings.go:210.2,215.17 3 29
github.com/kljensen/kronos/settings.go:222.52,226.20 3 6
github.com/kljensen/kronos/settings.go:226.20,227.65 1 70
github.com/kljensen/kronos/settings.go:227.65,230.33 2 7
github.com/kljensen/kronos/settings.go:230.33,232.5 1 0
github.com/kljensen/kronos/settings.go:233.4,233.61 1 7
github.com/kljensen/kronos/settings.go:233.61,235.5 1 1
github.com/kljensen/kronos/settings.go:237.4,237.22 1 7
github.com/kljensen/kronos/settings.go:237.22,241.40 2 6
github.com/kljensen/kronos/settings.go:241.40,244.6 2 6
github.com/kljensen/kronos/settings.go:245.10,248.5 2 1
github.com/kljensen/kronos/settings.go:249.9,252.4 2 63
github.com/kljensen/kronos/settings.go:254.2,254.15 1 6
github.com/kljensen/kronos/timezone.go:21.38,24.4 1 8
github.com/kljensen/kronos/timezone.go:25.36,28.4 1 8
github.com/kljensen/kronos/timezone.go:50.38,53.4 1 4
github.com/kljensen/kronos/timezone.go:54.36,57.4 1 4
github.com/kljensen/kronos/timezone.go:98.90,99.15 1 106
github.com/kljensen/kronos/timezone.go:99.15,101.3 1 2
github.com/kljensen/kronos/timezone.go:104.2,104.32 1 104
github.com/kljensen/kronos/timezone.go:104.32,106.3 1 15
github.com/kljensen/kronos/timezone.go:109.2,109.33 1 89
github.com/kljensen/kronos/timezone.go:109.33,111.23 1 89
github.com/kljensen/kronos/timezone.go:111.23,112.46 1 10
github.com/kljensen/kronos/timezone.go:112.46,114.5 1 9
github.com/kljensen/kronos/timezone.go:118.3,118.58 1 80
github.com/kljensen/kronos/timezone.go:118.58,120.4 1 65
github.com/kljensen/kronos/timezone.go:123.3,124.17 2 15
github.com/kljensen/kronos/timezone.go:124.17,128.4 3 12
github.com/kljensen/kronos/timezone.go:131.2,131.12 1 3
github.com/kljensen/kronos/timezone.go:136.68,138.33 1 74
github.com/kljensen/kronos/timezone.go:138.33,140.3 1 57
github.com/kljensen/kronos/timezone.go:143.2,143.53 1 17
github.com/kljensen/kronos/timezone.go:143.53,145.3 1 5
github.com/kljensen/kronos/timezone.go:148.2,148.54 1 12
github.com/kljensen/kronos/timezone.go:148.54,150.3 1 12
github.com/kljensen/kronos/timezone.go:152.2,152.12 1 0
github.com/kljensen/kronos/timezone.go:156.87,158.22 1 17
github.com/kljensen/kronos/timezone.go:158.22,160.3 1 1
github.com/kljensen/kronos/timezone.go:162.2,167.55 4 16
github.com/kljensen/kronos/timezone.go:167.55,170.3 2 8
github.com/kljensen/kronos/timezone.go:173.2,174.16 2 8
github.com/kljensen/kronos/timezone.go:190.94,195.16 3 29
github.com/kljensen/kronos/timezone.go:195.16,200.42 3 214
github.com/kljensen/kronos/timezone.go:200.42,202.4 1 47
github.com/kljensen/kronos/timezone.go:205.2,205.80 1 29
github.com/kljensen/kronos/timezone.go:218.88,224.24 3 13
github.com/kljensen/kronos/timezone.go:224.24,226.3 1 9
github.com/kljensen/kronos/timezone.go:228.2,229.32 2 13
github.com/kljensen/kronos/timezone.go:229.32,231.3 1 6
github.com/kljensen/kronos/timezone.go:234.2,235.9 2 13
github.com/kljensen/kronos/timezone.go:236.46,237.14 1 7
github.com/kljensen/kronos/timezone.go:238.45,239.54 1 4
github.com/kljensen/kronos/timezone.go:240.10,241.50 1 2
github.com/kljensen/kronos/timezone.go:245.2,246.88 2 13
github.com/kljensen/kronos/types.go:168.33,169.11 1 11
github.com/kljensen/kronos/types.go:170.18,171.16 1 2
github.com/kljensen/kronos/types.go:172.19,173.17 1 2
github.com/kljensen/kronos/types.go:174.18,175.16 1 2
github.com/kljensen/kronos/types.go:176.17,177.15 1 2
github.com/kljensen/kronos/types.go:178.18,179.16 1 2
github.com/kljensen/kronos/types.go:180.10,181.19 1 1
github.com/kljensen/kronos/weekdays.go:10.73,16.22 4 5
github.com/kljensen/kronos/weekdays.go:16.22,18.3 1 3
github.com/kljensen/kronos/weekdays.go:20.2,20.43 1 5
github.com/kljensen/kronos/weekdays.go:28.73,34.23 4 4
github.com/kljensen/kronos/weekdays.go:34.23,36.3 1 3
github.com/kljensen/kronos/weekdays.go:38.2,38.44 1 4
github.com/kljensen/kronos/weekdays.go:52.87,56.26 3 6
github.com/kljensen/kronos/weekdays.go:56.26,59.3 1 2
github.com/kljensen/kronos/weekdays.go:61.2,61.13 1 4
github.com/kljensen/kronos/weekdays.go:61.13,64.22 2 2
github.com/kljensen/kronos/weekdays.go:64.22,66.4 1 1
github.com/kljensen/kronos/weekdays.go:67.3,67.44 1 2
github.com/kljensen/kronos/weekdays.go:68.8,71.23 2 2
github.com/kljensen/kronos/weekdays.go:71.23,73.4 1 1
github.com/kljensen/kronos/weekdays.go:74.3,74.45 1 2
github.com/kljensen/kronos/weekdays.go:86.87,89.21 2 10
github.com/kljensen/kronos/weekdays.go:89.21,91.3 1 2
github.com/kljensen/kronos/weekdays.go:93.2,93.19 1 8
github.com/kljensen/kronos/weekdays.go:94.14,95.57 1 1
github.com/kljensen/kronos/weekdays.go:96.14,97.58 1 1
github.com/kljensen/kronos/weekdays.go:98.14,100.34 1 6
github.com/kljensen/kronos/weekdays.go:100.34,101.38 1 2
github.com/kljensen/kronos/weekdays.go:101.38,103.5 1 1
github.com/kljensen/kronos/weekdays.go:104.4,104.29 1 1
github.com/kljensen/kronos/weekdays.go:107.3,107.36 1 4
github.com/kljensen/kronos/weekdays.go:107.36,108.40 1 2
github.com/kljensen/kronos/weekdays.go:108.40,110.5 1 1
github.com/kljensen/kronos/weekdays.go:111.4,111.38 1 1
github.com/kljensen/kronos/weekdays.go:111.38,113.5 1 1
github.com/kljensen/kronos/weekdays.go:114.4,114.33 1 0
github.com/kljensen/kronos/weekdays.go:118.3,118.67 1 2
github.com/kljensen/kronos/weekdays.go:118.67,120.4 1 1
github.com/kljensen/kronos/weekdays.go:121.3,121.61 1 1
github.com/kljensen/kronos/weekdays.go:124.2,124.56 1 0
github.com/kljensen/kronos/weekdays.go:129.76,134.22 4 12
github.com/kljensen/kronos/weekdays.go:134.22,136.3 1 4
github.com/kljensen/kronos/weekdays.go:138.2,138.21 1 12
github.com/kljensen/kronos/weekdays.go:143.77,148.24 4 10
github.com/kljensen/kronos/weekdays.go:148.24,150.3 1 7
github.com/kljensen/kronos/weekdays.go:152.2,152.22 1 10
github.com/kljensen/kronos/weekdays.go:157.76,162.25 3 2
github.com/kljensen/kronos/weekdays.go:162.25,164.3 1 1
github.com/kljensen/kronos/weekdays.go:165.2,165.17 1 1
github.com/kljensen/kronos/common/refiners/abstract_refiners.go:16.118,18.33 2 0
github.com/kljensen/kronos/common/refiners/abstract_refiners.go:18.33,20.48 1 0
github.com/kljensen/kronos/common/refiners/abstract_refiners.go:20.48,21.39 1 0
github.com/kljensen/kronos/common/refiners/abstract_refiners.go:21.39,23.5 1 0
github.com/kljensen/kronos/common/refiners/abstract_refiners.go:26.2,26.17 1 0
github.com/kljensen/kronos/common/refiners/abstract_refiners.go:40.126,41.22 1 0
github.com/kljensen/kronos/common/refiners/abstract_refiners.go:41.22,43.3 1 0
github.com/kljensen/kronos/common/refiners/abstract_refiners.go:45.2,48.36 3 0
github.com/kljensen/kronos/common/refiners/abstract_refiners.go:48.36,53.15 5 0
github.com/kljensen/kronos/common/refiners/abstract_refiners.go:53.15,56.12 3 0
github.com/kljensen/kronos/common/refiners/abstract_refiners.go:60.3,61.77 2 0
github.com/kljensen/kronos/common/refiners/abstract_refiners.go:61.77,64.4 2 0
github.com/kljensen/kronos/common/refiners/abstract_refiners.go:64.9,66.4 1 0
github.com/kljensen/kronos/common/refiners/abstract_refiners.go:69.2,69.20 1 0
github.com/kljensen/kronos/common/refiners/abstract_refiners.go:69.20,71.3 1 0
github.com/kljensen/kronos/common/refiners/abstract_refiners.go:73.2,73.15 1 0
github.com/kljensen/kronos/common/refiners/date_preference.go:21.56,23.2 1 0
github.com/kljensen/kronos/common/refiners/date_preference.go:26.129,30.46 2 0
github.com/kljensen/kronos/common/refiners/date_preference.go:30.46,32.3 1 0
github.com/kljensen/kronos/common/refiners/date_preference.go:34.2,37.33 3 0
github.com/kljensen/kronos/common/refiners/date_preference.go:37.33,39.15 2 0
github.com/kljensen/kronos/common/refiners/date_preference.go:39.15,40.12 1 0
github.com/kljensen/kronos/common/refiners/date_preference.go:45.3,45.31 1 0
github.com/kljensen/kronos/common/refiners/date_preference.go:45.31,49.27 2 0
github.com/kljensen/kronos/common/refiners/date_preference.go:49.27,50.76 1 0
github.com/kljensen/kronos/common/refiners/date_preference.go:50.76,51.32 1 0
github.com/kljensen/kronos/common/refiners/date_preference.go:51.32,56.53 2 0
github.com/kljensen/kronos/common/refiners/date_preference.go:56.53,60.8 2 0
github.com/kljensen/kronos/common/refiners/date_preference.go:70.2,70.16 1 0
github.com/kljensen/kronos/common/refiners/date_preference.go:80.3,84.20 2 0
github.com/kljensen/kronos/common/refiners/date_preference.go:85.25,88.40 1 0
github.com/kljensen/kronos/common/refiners/date_preference.go:88.40,93.37 4 0
github.com/kljensen/kronos/common/refiners/date_preference.go:93.37,94.26 1 0
github.com/kljensen/kronos/common/refiners/date_preference.go:94.27,96.6 0 0
github.com/kljensen/kronos/common/refiners/date_preference.go:100.27,103.78 1 0
github.com/kljensen/kronos/common/refiners/date_preference.go:103.78,108.37 4 0
github.com/kljensen/kronos/common/refiners/date_preference.go:108.37,109.26 1 0
github.com/kljensen/kronos/common/refiners/date_preference.go:109.27,111.6 0 0
github.com/kljensen/kronos/common/refiners/forward_date.go:15.50,17.2 1 0
github.com/kljensen/kronos/common/refiners/forward_date.go:20.126,21.35 1 0
github.com/kljensen/kronos/common/refiners/forward_date.go:21.35,23.3 1 0
github.com/kljensen/kronos/common/refiners/forward_date.go:25.2,25.33 1 0
github.com/kljensen/kronos/common/refiners/forward_date.go:25.33,31.15 4 0
github.com/kljensen/kronos/common/refiners/forward_date.go:31.15,32.12 1 0
github.com/kljensen/kronos/common/refiners/forward_date.go:34.3,34.71 1 0
github.com/kljensen/kronos/common/refiners/forward_date.go:34.71,39.37 4 0
github.com/kljensen/kronos/common/refiners/forward_date.go:39.37,40.26 1 0
github.com/kljensen/kronos/common/refiners/forward_date.go:40.27,42.6 0 0
github.com/kljensen/kronos/common/refiners/forward_date.go:45.4,45.27 1 0
github.com/kljensen/kronos/common/refiners/forward_date.go:45.27,46.76 1 0
github.com/kljensen/kronos/common/refiners/forward_date.go:46.76,47.32 1 0
github.com/kljensen/kronos/common/refiners/forward_date.go:47.32,49.53 2 0
github.com/kljensen/kronos/common/refiners/forward_date.go:49.53,52.8 2 0
github.com/kljensen/kronos/common/refiners/forward_date.go:59.3,59.80 1 0
github.com/kljensen/kronos/common/refiners/forward_date.go:59.80,61.25 2 0
github.com/kljensen/kronos/common/refiners/forward_date.go:61.25,63.23 2 0
github.com/kljensen/kronos/common/refiners/forward_date.go:63.23,65.6 1 0
github.com/kljensen/kronos/common/refiners/forward_date.go:67.5,68.19 2 0
github.com/kljensen/kronos/common/refiners/forward_date.go:68.19,70.14 1 0
github.com/kljensen/kronos/common/refiners/forward_date.go:72.5,74.38 2 0
github.com/kljensen/kronos/common/refiners/forward_date.go:74.38,75.27 1 0
github.com/kljensen/kronos/common/refiners/forward_date.go:75.28,77.7 0 0
github.com/kljensen/kronos/common/refiners/forward_date.go:80.5,80.28 1 0
github.com/kljensen/kronos/common/refiners/forward_date.go:80.28,81.77 1 0
github.com/kljensen/kronos/common/refiners/forward_date.go:81.77,82.45 1 0
github.com/kljensen/kronos/common/refiners/forward_date.go:82.45,84.32 2 0
github.com/kljensen/kronos/common/refiners/forward_date.go:84.32,86.27 2 0
github.com/kljensen/kronos/common/refiners/forward_date.go:86.27,88.10 1 0
github.com/kljensen/kronos/common/refiners/forward_date.go:89.9,90.23 2 0
github.com/kljensen/kronos/common/refiners/forward_date.go:90.23,92.18 1 0
github.com/kljensen/kronos/common/refiners/forward_date.go:94.9,96.42 2 0
github.com/kljensen/kronos/common/refiners/forward_date.go:96.42,97.31 1 0
github.com/kljensen/kronos/common/refiners/forward_date.go:97.32,99.11 0 0
github.com/kljensen/kronos/common/refiners/forward_date.go:109.3,109.79 1 0
github.com/kljensen/kronos/common/refiners/forward_date.go:109.79,110.64 1 0
github.com/kljensen/kronos/common/refiners/forward_date.go:110.64,112.23 2 0
github.com/kljensen/kronos/common/refiners/forward_date.go:112.23,114.39 2 0
github.com/kljensen/kronos/common/refiners/forward_date.go:114.39,115.28 1 0
github.com/kljensen/kronos/common/refiners/forward_date.go:115.29,117.8 0 0
github.com/kljensen/kronos/common/refiners/forward_date.go:120.6,120.29 1 0
github.com/kljensen/kronos/common/refiners/forward_date.go:120.29,121.78 1 0
github.com/kljensen/kronos/common/refiners/forward_date.go:121.78,122.54 1 0
github.com/kljensen/kronos/common/refiners/forward_date.go:122.54,124.30 2 0
github.com/kljensen/kronos/common/refiners/forward_date.go:124.30,126.43 2 0
github.com/kljensen/kronos/common/refiners/forward_date.go:126.43,127.32 1 0
github.com/kljensen/kronos/common/refiners/forward_date.go:127.33,129.12 0 0
github.com/kljensen/kronos/common/refiners/forward_date.go:140.2,140.16 1 0
github.com/kljensen/kronos/common/refiners/merge_daterange.go:17.154,19.47 1 0
github.com/kljensen/kronos/common/refiners/merge_daterange.go:19.47,21.3 1 0
github.com/kljensen/kronos/common/refiners/merge_daterange.go:24.2,24.33 1 0
github.com/kljensen/kronos/common/refiners/merge_daterange.go:24.33,27.3 2 0
github.com/kljensen/kronos/common/refiners/merge_daterange.go:29.2,29.14 1 0
github.com/kljensen/kronos/common/refiners/merge_daterange.go:33.172,36.22 3 0
github.com/kljensen/kronos/common/refiners/merge_daterange.go:36.22,38.3 1 0
github.com/kljensen/kronos/common/refiners/merge_daterange.go:41.2,41.78 1 0
github.com/kljensen/kronos/common/refiners/merge_daterange.go:41.78,51.38 2 0
github.com/kljensen/kronos/common/refiners/merge_daterange.go:51.38,52.61 1 0
github.com/kljensen/kronos/common/refiners/merge_daterange.go:52.61,54.19 2 0
github.com/kljensen/kronos/common/refiners/merge_daterange.go:54.19,56.6 1 0
github.com/kljensen/kronos/common/refiners/merge_daterange.go:61.3,61.38 1 0
github.com/kljensen/kronos/common/refiners/merge_daterange.go:61.38,62.61 1 0
github.com/kljensen/kronos/common/refiners/merge_daterange.go:62.61,64.19 2 0
github.com/kljensen/kronos/common/refiners/merge_daterange.go:64.19,66.6 1 0
github.com/kljensen/kronos/common/refiners/merge_daterange.go:72.2,72.44 1 0
github.com/kljensen/kronos/common/refiners/merge_daterange.go:72.44,76.10 3 0
github.com/kljensen/kronos/common/refiners/merge_daterange.go:77.41,80.32 2 0
github.com/kljensen/kronos/common/refiners/merge_daterange.go:80.32,85.5 4 0
github.com/kljensen/kronos/common/refiners/merge_daterange.go:86.43,89.31 2 0
github.com/kljensen/kronos/common/refiners/merge_daterange.go:89.31,94.5 4 0
github.com/kljensen/kronos/common/refiners/merge_daterange.go:95.40,98.32 2 0
github.com/kljensen/kronos/common/refiners/merge_daterange.go:98.32,101.5 2 0
github.com/kljensen/kronos/common/refiners/merge_daterange.go:102.42,105.31 2 0
github.com/kljensen/kronos/common/refiners/merge_daterange.go:105.31,108.5 2 0
github.com/kljensen/kronos/common/refiners/merge_daterange.go:109.11,112.43 2 0
github.com/kljensen/kronos/common/refiners/merge_daterange.go:118.2,120.43 3 0
github.com/kljensen/kronos/common/refiners/merge_daterange.go:120.43,123.3 2 0
github.com/kljensen/kronos/common/refiners/merge_daterange.go:123.8,126.3 2 0
github.com/kljensen/kronos/common/refiners/merge_daterange.go:128.2,129.15 2 0
github.com/kljensen/kronos/common/refiners/merge_daterange.go:133.137,134.22 1 0
github.com/kljensen/kronos/common/refiners/merge_daterange.go:134.22,136.3 1 0
github.com/kljensen/kronos/common/refiners/merge_daterange.go:138.2,141.36 3 0
github.com/kljensen/kronos/common/refiners/merge_daterange.go:141.36,146.15 5 0
github.com/kljensen/kronos/common/refiners/merge_daterange.go:146.15,149.12 3 0
github.com/kljensen/kronos/common/refiners/merge_daterange.go:152.3,152.65 1 0
github.com/kljensen/kronos/common/refiners/merge_daterange.go:152.65,155.4 2 0
github.com/kljensen/kronos/common/refiners/merge_daterange.go:155.9,157.4 1 0
github.com/kljensen/kronos/common/refiners/merge_daterange.go:160.2,160.20 1 0
github.com/kljensen/kronos/common/refiners/merge_daterange.go:160.20,162.3 1 0
github.com/kljensen/kronos/common/refiners/merge_daterange.go:164.2,164.15 1 0
github.com/kljensen/kronos/common/refiners/merge_datetime.go:16.153,20.27 3 0
github.com/kljensen/kronos/common/refiners/merge_datetime.go:20.27,22.3 1 0
github.com/kljensen/kronos/common/refiners/merge_datetime.go:24.2,27.21 2 0
github.com/kljensen/kronos/common/refiners/merge_datetime.go:27.21,29.3 1 0
github.com/kljensen/kronos/common/refiners/merge_datetime.go:32.2,32.33 1 0
github.com/kljensen/kronos/common/refiners/merge_datetime.go:32.33,35.3 2 0
github.com/kljensen/kronos/common/refiners/merge_datetime.go:37.2,37.14 1 0
github.com/kljensen/kronos/common/refiners/merge_datetime.go:41.164,43.16 2 0
github.com/kljensen/kronos/common/refiners/merge_datetime.go:43.16,45.3 1 0
github.com/kljensen/kronos/common/refiners/merge_datetime.go:48.2,55.31 6 0
github.com/kljensen/kronos/common/refiners/merge_datetime.go:55.31,57.3 1 0
github.com/kljensen/kronos/common/refiners/merge_datetime.go:57.8,59.3 1 0
github.com/kljensen/kronos/common/refiners/merge_datetime.go:62.2,63.14 2 0
github.com/kljensen/kronos/common/refiners/merge_datetime.go:63.14,65.3 1 0
github.com/kljensen/kronos/common/refiners/merge_datetime.go:66.2,68.15 2 0
github.com/kljensen/kronos/common/refiners/merge_datetime.go:72.136,73.22 1 0
github.com/kljensen/kronos/common/refiners/merge_datetime.go:73.22,75.3 1 0
github.com/kljensen/kronos/common/refiners/merge_datetime.go:77.2,80.36 3 0
github.com/kljensen/kronos/common/refiners/merge_datetime.go:80.36,85.15 5 0
github.com/kljensen/kronos/common/refiners/merge_datetime.go:85.15,88.12 3 0
github.com/kljensen/kronos/common/refiners/merge_datetime.go:91.3,91.65 1 0
github.com/kljensen/kronos/common/refiners/merge_datetime.go:91.65,94.4 2 0
github.com/kljensen/kronos/common/refiners/merge_datetime.go:94.9,96.4 1 0
github.com/kljensen/kronos/common/refiners/merge_datetime.go:99.2,99.20 1 0
github.com/kljensen/kronos/common/refiners/merge_datetime.go:99.20,101.3 1 0
github.com/kljensen/kronos/common/refiners/merge_datetime.go:103.2,103.15 1 0
github.com/kljensen/kronos/common/refiners/merge_weekday.go:16.70,18.2 1 0
github.com/kljensen/kronos/common/refiners/merge_weekday.go:21.136,22.22 1 0
github.com/kljensen/kronos/common/refiners/merge_weekday.go:22.22,24.3 1 0
github.com/kljensen/kronos/common/refiners/merge_weekday.go:26.2,29.23 3 0
github.com/kljensen/kronos/common/refiners/merge_weekday.go:29.23,33.25 2 0
github.com/kljensen/kronos/common/refiners/merge_weekday.go:33.25,38.16 5 0
github.com/kljensen/kronos/common/refiners/merge_weekday.go:38.16,41.13 3 0
github.com/kljensen/kronos/common/refiners/merge_weekday.go:44.4,44.77 1 0
github.com/kljensen/kronos/common/refiners/merge_weekday.go:44.77,48.13 4 0
github.com/kljensen/kronos/common/refiners/merge_weekday.go:53.3,54.6 2 0
github.com/kljensen/kronos/common/refiners/merge_weekday.go:57.2,57.15 1 0
github.com/kljensen/kronos/common/refiners/merge_weekday.go:65.8,73.27 3 0
github.com/kljensen/kronos/common/refiners/merge_weekday.go:73.27,75.3 1 0
github.com/kljensen/kronos/common/refiners/merge_weekday.go:77.2,81.28 2 0
github.com/kljensen/kronos/common/refiners/merge_weekday.go:81.28,83.3 1 0
github.com/kljensen/kronos/common/refiners/merge_weekday.go:86.2,86.63 1 0
github.com/kljensen/kronos/common/refiners/merge_weekday.go:94.25,98.27 3 0
github.com/kljensen/kronos/common/refiners/merge_weekday.go:98.27,100.3 1 0
github.com/kljensen/kronos/common/refiners/merge_weekday.go:103.2,107.23 3 0
github.com/kljensen/kronos/common/refiners/merge_weekday.go:107.23,109.3 1 0
github.com/kljensen/kronos/common/refiners/merge_weekday.go:112.2,113.29 2 0
github.com/kljensen/kronos/common/refiners/merge_weekday.go:113.29,114.70 1 0
github.com/kljensen/kronos/common/refiners/merge_weekday.go:114.70,116.25 2 0
github.com/kljensen/kronos/common/refiners/merge_weekday.go:116.25,118.5 1 0
github.com/kljensen/kronos/common/refiners/merge_weekday.go:123.2,127.18 4 0
github.com/kljensen/kronos/common/refiners/overlap_removal.go:12.56,14.2 1 0
github.com/kljensen/kronos/common/refiners/overlap_removal.go:17.129,18.22 1 0
github.com/kljensen/kronos/common/refiners/overlap_removal.go:18.22,20.3 1 0
github.com/kljensen/kronos/common/refiners/overlap_removal.go:22.2,25.36 3 0
github.com/kljensen/kronos/common/refiners/overlap_removal.go:25.36,29.66 2 0
github.com/kljensen/kronos/common/refiners/overlap_removal.go:29.66,33.12 3 0
github.com/kljensen/kronos/common/refiners/overlap_removal.go:37.3,38.50 2 0
github.com/kljensen/kronos/common/refiners/overlap_removal.go:38.50,40.4 1 0
github.com/kljensen/kronos/common/refiners/overlap_removal.go:40.9,42.4 1 0
github.com/kljensen/kronos/common/refiners/overlap_removal.go:44.3,44.36 1 0
github.com/kljensen/kronos/common/refiners/overlap_removal.go:44.36,45.25 1 0
github.com/kljensen/kronos/common/refiners/overlap_removal.go:45.26,47.5 0 0
github.com/kljensen/kronos/common/refiners/overlap_removal.go:50.3,50.20 1 0
github.com/kljensen/kronos/common/refiners/overlap_removal.go:54.2,54.23 1 0
github.com/kljensen/kronos/common/refiners/overlap_removal.go:54.23,56.3 1 0
github.com/kljensen/kronos/common/refiners/overlap_removal.go:58.2,58.24 1 0
github.com/kljensen/kronos/common/refiners/timezone_abbr.go:19.98,20.30 1 0
github.com/kljensen/kronos/common/refiners/timezone_abbr.go:20.30,22.3 1 0
github.com/kljensen/kronos/common/refiners/timezone_abbr.go:23.2,25.3 1 0
github.com/kljensen/kronos/common/refiners/timezone_abbr.go:29.134,32.40 2 0
github.com/kljensen/kronos/common/refiners/timezone_abbr.go:32.40,34.3 1 0
github.com/kljensen/kronos/common/refiners/timezone_abbr.go:35.2,35.39 1 0
github.com/kljensen/kronos/common/refiners/timezone_abbr.go:35.39,36.48 1 0
github.com/kljensen/kronos/common/refiners/timezone_abbr.go:36.48,38.4 1 0
github.com/kljensen/kronos/common/refiners/timezone_abbr.go:41.2,41.33 1 0
github.com/kljensen/kronos/common/refiners/timezone_abbr.go:41.33,45.15 3 0
github.com/kljensen/kronos/common/refiners/timezone_abbr.go:45.15,46.12 1 0
github.com/kljensen/kronos/common/refiners/timezone_abbr.go:48.3,49.19 2 0
github.com/kljensen/kronos/common/refiners/timezone_abbr.go:49.19,50.12 1 0
github.com/kljensen/kronos/common/refiners/timezone_abbr.go:53.3,53.36 1 0
github.com/kljensen/kronos/common/refiners/timezone_abbr.go:53.36,54.25 1 0
github.com/kljensen/kronos/common/refiners/timezone_abbr.go:54.26,56.5 0 0
github.com/kljensen/kronos/common/refiners/timezone_abbr.go:59.3,65.15 3 0
github.com/kljensen/kronos/common/refiners/timezone_abbr.go:65.15,66.12 1 0
github.com/kljensen/kronos/common/refiners/timezone_abbr.go:68.3,69.23 2 0
github.com/kljensen/kronos/common/refiners/timezone_abbr.go:69.23,71.4 1 0
github.com/kljensen/kronos/common/refiners/timezone_abbr.go:72.3,72.23 1 0
github.com/kljensen/kronos/common/refiners/timezone_abbr.go:72.23,74.4 1 0
github.com/kljensen/kronos/common/refiners/timezone_abbr.go:77.3,78.40 2 0
github.com/kljensen/kronos/common/refiners/timezone_abbr.go:78.40,79.12 1 0
github.com/kljensen/kronos/common/refiners/timezone_abbr.go:81.3,83.36 2 0
github.com/kljensen/kronos/common/refiners/timezone_abbr.go:83.36,84.25 1 0
github.com/kljensen/kronos/common/refiners/timezone_abbr.go:84.26,86.5 0 0
github.com/kljensen/kronos/common/refiners/timezone_abbr.go:89.3,91.38 3 0
github.com/kljensen/kronos/common/refiners/timezone_abbr.go:91.38,93.4 1 0
github.com/kljensen/kronos/common/refiners/timezone_abbr.go:95.3,95.85 1 0
github.com/kljensen/kronos/common/refiners/timezone_abbr.go:95.85,99.61 1 0
github.com/kljensen/kronos/common/refiners/timezone_abbr.go:99.61,100.13 1 0
github.com/kljensen/kronos/common/refiners/timezone_abbr.go:105.4,105.32 1 0
github.com/kljensen/kronos/common/refiners/timezone_abbr.go:105.32,106.13 1 0
github.com/kljensen/kronos/common/refiners/timezone_abbr.go:110.3,110.31 1 0
github.com/kljensen/kronos/common/refiners/timezone_abbr.go:110.31,113.32 1 0
github.com/kljensen/kronos/common/refiners/timezone_abbr.go:113.32,114.13 1 0
github.com/kljensen/kronos/common/refiners/timezone_abbr.go:121.3,124.28 2 0
github.com/kljensen/kronos/common/refiners/timezone_abbr.go:124.28,126.83 2 0
github.com/kljensen/kronos/common/refiners/timezone_abbr.go:126.83,128.5 1 0
github.com/kljensen/kronos/common/refiners/timezone_abbr.go:128.10,129.10 1 0
github.com/kljensen/kronos/common/refiners/timezone_abbr.go:135.3,136.53 2 0
github.com/kljensen/kronos/common/refiners/timezone_abbr.go:136.53,139.29 1 0
github.com/kljensen/kronos/common/refiners/timezone_abbr.go:139.29,140.30 1 0
github.com/kljensen/kronos/common/refiners/timezone_abbr.go:140.30,142.6 1 0
github.com/kljensen/kronos/common/refiners/timezone_abbr.go:142.11,142.37 1 0
github.com/kljensen/kronos/common/refiners/timezone_abbr.go:142.37,144.6 1 0
github.com/kljensen/kronos/common/refiners/timezone_abbr.go:149.3,149.36 1 0
github.com/kljensen/kronos/common/refiners/timezone_abbr.go:149.36,150.25 1 0
github.com/kljensen/kronos/common/refiners/timezone_abbr.go:150.26,153.5 0 0
github.com/kljensen/kronos/common/refiners/timezone_abbr.go:156.3,158.61 2 0
github.com/kljensen/kronos/common/refiners/timezone_abbr.go:158.61,160.4 1 0
github.com/kljensen/kronos/common/refiners/timezone_abbr.go:162.3,163.26 2 0
github.com/kljensen/kronos/common/refiners/timezone_abbr.go:163.26,164.79 1 0
github.com/kljensen/kronos/common/refiners/timezone_abbr.go:164.79,166.61 2 0
github.com/kljensen/kronos/common/refiners/timezone_abbr.go:166.61,168.6 1 0
github.com/kljensen/kronos/common/refiners/timezone_abbr.go:173.3,175.29 2 0
github.com/kljensen/kronos/common/refiners/timezone_abbr.go:175.29,176.19 1 0
github.com/kljensen/kronos/common/refiners/timezone_abbr.go:176.19,178.10 2 0
github.com/kljensen/kronos/common/refiners/timezone_abbr.go:183.2,183.16 1 0
github.com/kljensen/kronos/common/refiners/timezone_offset.go:23.70,25.2 1 0
github.com/kljensen/kronos/common/refiners/timezone_offset.go:28.136,29.33 1 0
github.com/kljensen/kronos/common/refiners/timezone_offset.go:29.33,31.10 2 0
github.com/kljensen/kronos/common/refiners/timezone_offset.go:31.10,32.12 1 0
github.com/kljensen/kronos/common/refiners/timezone_offset.go:34.3,34.60 1 0
github.com/kljensen/kronos/common/refiners/timezone_offset.go:34.60,35.12 1 0
github.com/kljensen/kronos/common/refiners/timezone_offset.go:39.3,42.15 3 0
github.com/kljensen/kronos/common/refiners/timezone_offset.go:42.15,43.12 1 0
github.com/kljensen/kronos/common/refiners/timezone_offset.go:45.3,46.19 2 0
github.com/kljensen/kronos/common/refiners/timezone_offset.go:46.19,47.12 1 0
github.com/kljensen/kronos/common/refiners/timezone_offset.go:50.3,50.36 1 0
github.com/kljensen/kronos/common/refiners/timezone_offset.go:50.36,51.25 1 0
github.com/kljensen/kronos/common/refiners/timezone_offset.go:51.26,53.5 0 0
github.com/kljensen/kronos/common/refiners/timezone_offset.go:56.3,57.17 2 0
github.com/kljensen/kronos/common/refiners/timezone_offset.go:57.17,58.12 1 0
github.com/kljensen/kronos/common/refiners/timezone_offset.go:60.3,61.51 2 0
github.com/kljensen/kronos/common/refiners/timezone_offset.go:61.51,63.18 2 0
github.com/kljensen/kronos/common/refiners/timezone_offset.go:63.18,64.13 1 0
github.com/kljensen/kronos/common/refiners/timezone_offset.go:68.3,71.29 2 0
github.com/kljensen/kronos/common/refiners/timezone_offset.go:71.29,72.12 1 0
github.com/kljensen/kronos/common/refiners/timezone_offset.go:75.3,75.44 1 0
github.com/kljensen/kronos/common/refiners/timezone_offset.go:75.44,77.4 1 0
github.com/kljensen/kronos/common/refiners/timezone_offset.go:79.3,80.26 2 0
github.com/kljensen/kronos/common/refiners/timezone_offset.go:80.26,81.79 1 0
github.com/kljensen/kronos/common/refiners/timezone_offset.go:81.79,84.5 2 0
github.com/kljensen/kronos/common/refiners/timezone_offset.go:87.3,93.25 4 0
github.com/kljensen/kronos/common/refiners/timezone_offset.go:96.2,96.16 1 0
github.com/kljensen/kronos/common/refiners/unlikely_format.go:17.69,21.2 1 0
github.com/kljensen/kronos/common/refiners/unlikely_format.go:24.128,27.33 2 0
github.com/kljensen/kronos/common/refiners/unlikely_format.go:27.33,28.33 1 0
github.com/kljensen/kronos/common/refiners/unlikely_format.go:28.33,30.4 1 0
github.com/kljensen/kronos/common/refiners/unlikely_format.go:33.2,33.17 1 0
github.com/kljensen/kronos/common/refiners/unlikely_format.go:36.107,40.72 2 0
github.com/kljensen/kronos/common/refiners/unlikely_format.go:40.72,42.71 1 0
github.com/kljensen/kronos/common/refiners/unlikely_format.go:42.71,44.83 1 0
github.com/kljensen/kronos/common/refiners/unlikely_format.go:44.83,45.50 1 0
github.com/kljensen/kronos/common/refiners/unlikely_format.go:45.50,48.6 1 0
github.com/kljensen/kronos/common/refiners/unlikely_format.go:51.3,51.36 1 0
github.com/kljensen/kronos/common/refiners/unlikely_format.go:51.36,52.25 1 0
github.com/kljensen/kronos/common/refiners/unlikely_format.go:52.26,54.5 0 0
github.com/kljensen/kronos/common/refiners/unlikely_format.go:56.3,56.15 1 0
github.com/kljensen/kronos/common/refiners/unlikely_format.go:60.2,61.14 2 0
github.com/kljensen/kronos/common/refiners/unlikely_format.go:61.14,63.3 1 0
github.com/kljensen/kronos/common/refiners/unlikely_format.go:64.2,64.32 1 0
github.com/kljensen/kronos/common/refiners/unlikely_format.go:64.32,65.36 1 0
github.com/kljensen/kronos/common/refiners/unlikely_format.go:65.36,66.25 1 0
github.com/kljensen/kronos/common/refiners/unlikely_format.go:66.26,68.5 0 0
github.com/kljensen/kronos/common/refiners/unlikely_format.go:70.3,70.15 1 0
github.com/kljensen/kronos/common/refiners/unlikely_format.go:74.2,74.25 1 0
github.com/kljensen/kronos/common/refiners/unlikely_format.go:74.25,75.74 1 0
github.com/kljensen/kronos/common/refiners/unlikely_format.go:75.74,76.32 1 0
github.com/kljensen/kronos/common/refiners/unlikely_format.go:76.32,77.38 1 0
github.com/kljensen/kronos/common/refiners/unlikely_format.go:77.38,78.27 1 0
github.com/kljensen/kronos/common/refiners/unlikely_format.go:78.28,80.7 0 0
github.com/kljensen/kronos/common/refiners/unlikely_format.go:82.5,82.17 1 0
github.com/kljensen/kronos/common/refiners/unlikely_format.go:84.9,85.37 1 0
github.com/kljensen/kronos/common/refiners/unlikely_format.go:85.37,86.26 1 0
github.com/kljensen/kronos/common/refiners/unlikely_format.go:86.27,88.6 0 0
github.com/kljensen/kronos/common/refiners/unlikely_format.go:90.4,90.16 1 0
github.com/kljensen/kronos/common/refiners/unlikely_format.go:95.2,95.18 1 0
github.com/kljensen/kronos/common/refiners/unlikely_format.go:95.18,97.3 1 0
github.com/kljensen/kronos/common/refiners/unlikely_format.go:99.2,99.13 1 0
github.com/kljensen/kronos/common/refiners/unlikely_format.go:102.117,105.14 2 0
github.com/kljensen/kronos/common/refiners/unlikely_format.go:105.14,107.3 1 0
github.com/kljensen/kronos/common/refiners/unlikely_format.go:108.2,108.42 1 0
github.com/kljensen/kronos/common/refiners/unlikely_format.go:108.42,109.36 1 0
github.com/kljensen/kronos/common/refiners/unlikely_format.go:109.36,110.25 1 0
github.com/kljensen/kronos/common/refiners/unlikely_format.go:110.26,112.5 0 0
github.com/kljensen/kronos/common/refiners/unlikely_format.go:114.3,114.15 1 0
github.com/kljensen/kronos/common/refiners/unlikely_format.go:117.2,117.13 1 0
github.com/kljensen/kronos/examples/british/main.go:17.13,32.36 5 0
github.com/kljensen/kronos/examples/british/main.go:32.36,34.17 2 0
github.com/kljensen/kronos/examples/british/main.go:34.17,36.12 2 0
github.com/kljensen/kronos/examples/british/main.go:38.3,38.18 1 0
github.com/kljensen/kronos/examples/british/main.go:38.18,40.4 1 0
github.com/kljensen/kronos/examples/british/main.go:42.2,59.38 8 0
github.com/kljensen/kronos/examples/british/main.go:59.38,64.20 4 0
github.com/kljensen/kronos/examples/british/main.go:64.20,66.4 1 0
github.com/kljensen/kronos/examples/british/main.go:68.3,69.20 2 0
github.com/kljensen/kronos/examples/british/main.go:69.20,71.4 1 0
github.com/kljensen/kronos/examples/british/main.go:73.3,73.59 1 0
github.com/kljensen/kronos/examples/british/main.go:75.2,86.16 6 0
github.com/kljensen/kronos/examples/british/main.go:86.16,88.3 1 0
github.com/kljensen/kronos/examples/british/main.go:90.2,92.17 3 0
github.com/kljensen/kronos/examples/british/main.go:92.17,94.3 1 0
github.com/kljensen/kronos/examples/british/main.go:95.2,110.41 5 0
github.com/kljensen/kronos/examples/british/main.go:110.41,112.18 2 0
github.com/kljensen/kronos/examples/british/main.go:112.18,114.4 1 0
github.com/kljensen/kronos/examples/british/main.go:114.9,116.4 1 0
github.com/kljensen/kronos/examples/british/main.go:118.2,129.40 4 0
github.com/kljensen/kronos/examples/british/main.go:129.40,131.18 2 0
github.com/kljensen/kronos/examples/british/main.go:131.18,133.4 1 0
github.com/kljensen/kronos/examples/configured/main.go:19.13,30.32 7 0
github.com/kljensen/kronos/examples/configured/main.go:30.32,32.17 2 0
github.com/kljensen/kronos/examples/configured/main.go:32.17,34.12 2 0
github.com/kljensen/kronos/examples/configured/main.go:36.3,36.18 1 0
github.com/kljensen/kronos/examples/configured/main.go:36.18,38.4 1 0
github.com/kljensen/kronos/examples/configured/main.go:40.2,97.38 30 0
github.com/kljensen/kronos/examples/configured/main.go:97.38,99.18 2 0
github.com/kljensen/kronos/examples/configured/main.go:99.18,101.4 1 0
github.com/kljensen/kronos/examples/configured/main.go:101.9,103.4 1 0
github.com/kljensen/kronos/examples/configured/main.go:106.2,107.38 2 0
github.com/kljensen/kronos/examples/configured/main.go:107.38,109.18 2 0
github.com/kljensen/kronos/examples/configured/main.go:109.18,111.4 1 0
github.com/kljensen/kronos/examples/configured/main.go:111.9,113.4 1 0
github.com/kljensen/kronos/examples/configured/main.go:115.2,126.16 6 0
github.com/kljensen/kronos/examples/configured/main.go:126.16,128.3 1 0
github.com/kljensen/kronos/examples/configured/main.go:130.2,132.55 3 0
github.com/kljensen/kronos/en/refiners/extract_year_suffix.go:23.66,25.2 1 0
github.com/kljensen/kronos/en/refiners/extract_year_suffix.go:28.134,29.33 1 0
github.com/kljensen/kronos/en/refiners/extract_year_suffix.go:29.33,31.15 2 0
github.com/kljensen/kronos/en/refiners/extract_year_suffix.go:31.15,32.12 1 0
github.com/kljensen/kronos/en/refiners/extract_year_suffix.go:34.3,34.43 1 0
github.com/kljensen/kronos/en/refiners/extract_year_suffix.go:34.43,35.12 1 0
github.com/kljensen/kronos/en/refiners/extract_year_suffix.go:38.3,40.15 3 0
github.com/kljensen/kronos/en/refiners/extract_year_suffix.go:40.15,41.12 1 0
github.com/kljensen/kronos/en/refiners/extract_year_suffix.go:43.3,44.19 2 0
github.com/kljensen/kronos/en/refiners/extract_year_suffix.go:44.19,45.12 1 0
github.com/kljensen/kronos/en/refiners/extract_year_suffix.go:49.3,49.44 1 0
github.com/kljensen/kronos/en/refiners/extract_year_suffix.go:49.44,50.12 1 0
github.com/kljensen/kronos/en/refiners/extract_year_suffix.go:53.3,55.26 3 0
github.com/kljensen/kronos/en/refiners/extract_year_suffix.go:55.26,56.79 1 0
github.com/kljensen/kronos/en/refiners/extract_year_suffix.go:56.79,59.5 2 0
github.com/kljensen/kronos/en/refiners/extract_year_suffix.go:61.3,66.25 4 0
github.com/kljensen/kronos/en/refiners/extract_year_suffix.go:69.2,69.16 1 0
github.com/kljensen/kronos/en/refiners/extract_year_suffix.go:73.34,75.53 1 0
github.com/kljensen/kronos/en/refiners/extract_year_suffix.go:75.53,78.17 3 0
github.com/kljensen/kronos/en/refiners/extract_year_suffix.go:78.17,80.4 1 0
github.com/kljensen/kronos/en/refiners/extract_year_suffix.go:81.3,81.20 1 0
github.com/kljensen/kronos/en/refiners/extract_year_suffix.go:85.2,85.55 1 0
github.com/kljensen/kronos/en/refiners/extract_year_suffix.go:85.55,88.17 3 0
github.com/kljensen/kronos/en/refiners/extract_year_suffix.go:88.17,90.4 1 0
github.com/kljensen/kronos/en/refiners/extract_year_suffix.go:91.3,91.15 1 0
github.com/kljensen/kronos/en/refiners/extract_year_suffix.go:95.2,95.58 1 0
github.com/kljensen/kronos/en/refiners/extract_year_suffix.go:95.58,98.17 3 0
github.com/kljensen/kronos/en/refiners/extract_year_suffix.go:98.17,100.4 1 0
github.com/kljensen/kronos/en/refiners/extract_year_suffix.go:101.3,101.14 1 0
github.com/kljensen/kronos/en/refiners/extract_year_suffix.go:105.2,106.16 2 0
github.com/kljensen/kronos/en/refiners/extract_year_suffix.go:106.16,108.3 1 0
github.com/kljensen/kronos/en/refiners/extract_year_suffix.go:109.2,109.42 1 0
github.com/kljensen/kronos/en/refiners/merge_daterange.go:19.60,23.2 3 0
github.com/kljensen/kronos/en/refiners/merge_daterange.go:26.67,28.2 1 0
github.com/kljensen/kronos/en/refiners/merge_datetime.go:18.58,22.2 3 0
github.com/kljensen/kronos/en/refiners/merge_datetime.go:25.66,27.2 1 0
github.com/kljensen/kronos/en/refiners/unlikely_format_filter.go:16.58,18.2 1 0
github.com/kljensen/kronos/en/refiners/unlikely_format_filter.go:21.130,24.33 2 0
github.com/kljensen/kronos/en/refiners/unlikely_format_filter.go:24.33,25.34 1 0
github.com/kljensen/kronos/en/refiners/unlikely_format_filter.go:25.34,26.12 1 0
github.com/kljensen/kronos/en/refiners/unlikely_format_filter.go:28.3,28.38 1 0
github.com/kljensen/kronos/en/refiners/unlikely_format_filter.go:31.2,31.17 1 0
github.com/kljensen/kronos/en/refiners/unlikely_format_filter.go:34.109,38.47 2 0
github.com/kljensen/kronos/en/refiners/unlikely_format_filter.go:38.47,40.3 1 0
github.com/kljensen/kronos/en/refiners/unlikely_format_filter.go:44.2,44.36 1 0
github.com/kljensen/kronos/en/refiners/unlikely_format_filter.go:44.36,46.49 2 0
github.com/kljensen/kronos/en/refiners/unlikely_format_filter.go:46.49,48.4 1 0
github.com/kljensen/kronos/en/refiners/unlikely_format_filter.go:52.2,52.60 1 0
github.com/kljensen/kronos/en/refiners/unlikely_format_filter.go:52.60,54.25 2 0
github.com/kljensen/kronos/en/refiners/unlikely_format_filter.go:54.25,56.4 1 0
github.com/kljensen/kronos/en/refiners/unlikely_format_filter.go:59.2,59.13 1 0
github.com/kljensen/kronos/examples/ranges/main.go:18.13,25.16 5 0
github.com/kljensen/kronos/examples/ranges/main.go:25.16,27.3 1 0
github.com/kljensen/kronos/examples/ranges/main.go:29.2,29.22 1 0
github.com/kljensen/kronos/examples/ranges/main.go:29.22,34.21 4 0
github.com/kljensen/kronos/examples/ranges/main.go:34.21,39.4 4 0
github.com/kljensen/kronos/examples/ranges/main.go:39.9,41.4 1 0
github.com/kljensen/kronos/examples/ranges/main.go:43.2,54.40 4 0
github.com/kljensen/kronos/examples/ranges/main.go:54.40,56.23 2 0
github.com/kljensen/kronos/examples/ranges/main.go:56.23,60.22 3 0
github.com/kljensen/kronos/examples/ranges/main.go:60.22,65.63 3 0
github.com/kljensen/kronos/examples/ranges/main.go:65.63,70.6 1 0
github.com/kljensen/kronos/examples/ranges/main.go:70.11,75.6 3 0
github.com/kljensen/kronos/examples/ranges/main.go:76.10,78.5 1 0
github.com/kljensen/kronos/examples/ranges/main.go:81.2,94.39 4 0
github.com/kljensen/kronos/examples/ranges/main.go:94.39,96.23 2 0
github.com/kljensen/kronos/examples/ranges/main.go:96.23,98.22 2 0
github.com/kljensen/kronos/examples/ranges/main.go:98.22,100.5 1 0
github.com/kljensen/kronos/examples/ranges/main.go:100.10,102.5 1 0
github.com/kljensen/kronos/examples/ranges/main.go:105.2,113.49 5 0
github.com/kljensen/kronos/examples/ranges/main.go:113.49,130.3 12 0
github.com/kljensen/kronos/examples/ranges/main.go:131.2,139.49 5 0
github.com/kljensen/kronos/examples/ranges/main.go:139.49,150.27 7 0
github.com/kljensen/kronos/examples/ranges/main.go:150.27,153.4 2 0
github.com/kljensen/kronos/examples/components/main.go:18.13,25.16 5 0
github.com/kljensen/kronos/examples/components/main.go:25.16,27.3 1 0
github.com/kljensen/kronos/examples/components/main.go:28.2,28.23 1 0
github.com/kljensen/kronos/examples/components/main.go:28.23,30.3 1 0
github.com/kljensen/kronos/examples/components/main.go:32.2,47.31 6 0
github.com/kljensen/kronos/examples/components/main.go:47.31,48.37 1 0
github.com/kljensen/kronos/examples/components/main.go:48.37,50.25 2 0
github.com/kljensen/kronos/examples/components/main.go:50.25,52.5 1 0
github.com/kljensen/kronos/examples/components/main.go:53.4,53.57 1 0
github.com/kljensen/kronos/examples/components/main.go:56.2,68.39 4 0
github.com/kljensen/kronos/examples/components/main.go:68.39,70.24 2 0
github.com/kljensen/kronos/examples/components/main.go:70.24,71.12 1 0
github.com/kljensen/kronos/examples/components/main.go:74.3,79.32 4 0
github.com/kljensen/kronos/examples/components/main.go:79.32,80.25 1 0
github.com/kljensen/kronos/examples/components/main.go:80.25,82.5 1 0
github.com/kljensen/kronos/examples/components/main.go:84.3,87.45 2 0
github.com/kljensen/kronos/examples/components/main.go:89.2,96.22 5 0
github.com/kljensen/kronos/examples/components/main.go:96.22,101.43 3 0
github.com/kljensen/kronos/examples/components/main.go:101.43,105.4 3 0
github.com/kljensen/kronos/examples/components/main.go:105.9,107.4 1 0
github.com/kljensen/kronos/examples/components/main.go:110.3,110.43 1 0
github.com/kljensen/kronos/examples/components/main.go:110.43,113.4 2 0
github.com/kljensen/kronos/examples/components/main.go:113.9,116.4 2 0
github.com/kljensen/kronos/examples/components/main.go:118.2,125.22 5 0
github.com/kljensen/kronos/examples/components/main.go:125.22,145.35 6 0
github.com/kljensen/kronos/examples/components/main.go:145.35,146.38 1 0
github.com/kljensen/kronos/examples/components/main.go:146.38,148.26 2 0
github.com/kljensen/kronos/examples/components/main.go:148.26,150.6 1 0
github.com/kljensen/kronos/examples/components/main.go:151.5,151.59 1 0
github.com/kljensen/kronos/examples/components/main.go:152.10,154.5 1 0
github.com/kljensen/kronos/examples/basic/main.go:16.13,22.16 4 0
github.com/kljensen/kronos/examples/basic/main.go:22.16,24.3 1 0
github.com/kljensen/kronos/examples/basic/main.go:25.2,25.17 1 0
github.com/kljensen/kronos/examples/basic/main.go:25.17,27.3 1 0
github.com/kljensen/kronos/examples/basic/main.go:30.2,33.16 4 0
github.com/kljensen/kronos/examples/basic/main.go:33.16,35.3 1 0
github.com/kljensen/kronos/examples/basic/main.go:37.2,38.28 2 0
github.com/kljensen/kronos/examples/basic/main.go:38.28,41.3 1 0
github.com/kljensen/kronos/examples/basic/main.go:42.2,59.32 4 0
github.com/kljensen/kronos/examples/basic/main.go:59.32,61.17 2 0
github.com/kljensen/kronos/examples/basic/main.go:61.17,63.12 2 0
github.com/kljensen/kronos/examples/basic/main.go:65.3,65.18 1 0
github.com/kljensen/kronos/examples/basic/main.go:65.18,67.4 1 0
github.com/kljensen/kronos/examples/basic/main.go:67.9,69.4 1 0
github.com/kljensen/kronos/en/casual_date_parser.go:19.50,29.2 3 277
github.com/kljensen/kronos/en/casual_date_parser.go:31.90,34.2 2 506
github.com/kljensen/kronos/en/casual_date_parser.go:36.103,37.20 1 69
github.com/kljensen/kronos/en/casual_date_parser.go:37.20,39.3 1 0
github.com/kljensen/kronos/en/casual_date_parser.go:41.2,46.9 4 69
github.com/kljensen/kronos/en/casual_date_parser.go:47.26,48.46 1 11
github.com/kljensen/kronos/en/casual_date_parser.go:50.28,51.48 1 11
github.com/kljensen/kronos/en/casual_date_parser.go:53.32,54.52 1 15
github.com/kljensen/kronos/en/casual_date_parser.go:56.76,57.51 1 23
github.com/kljensen/kronos/en/casual_date_parser.go:59.30,60.62 1 5
github.com/kljensen/kronos/en/casual_date_parser.go:62.33,63.57 1 1
github.com/kljensen/kronos/en/casual_date_parser.go:65.83,68.28 2 3
github.com/kljensen/kronos/en/casual_date_parser.go:68.28,71.4 1 3
github.com/kljensen/kronos/en/casual_date_parser.go:73.3,76.40 4 3
github.com/kljensen/kronos/en/casual_date_parser.go:78.10,79.13 1 0
github.com/kljensen/kronos/en/casual_date_parser.go:82.2,82.22 1 69
github.com/kljensen/kronos/en/casual_date_parser.go:82.22,84.3 1 69
github.com/kljensen/kronos/en/casual_date_parser.go:86.2,86.18 1 69
github.com/kljensen/kronos/en/casual_time_parser.go:18.50,28.2 3 277
github.com/kljensen/kronos/en/casual_time_parser.go:30.90,36.2 3 507
github.com/kljensen/kronos/en/casual_time_parser.go:38.103,39.20 1 53
github.com/kljensen/kronos/en/casual_time_parser.go:39.20,41.3 1 0
github.com/kljensen/kronos/en/casual_time_parser.go:44.2,50.18 5 53
github.com/kljensen/kronos/en/casual_time_parser.go:51.19,52.64 1 5
github.com/kljensen/kronos/en/casual_time_parser.go:54.26,55.62 1 9
github.com/kljensen/kronos/en/casual_time_parser.go:57.18,58.51 1 18
github.com/kljensen/kronos/en/casual_time_parser.go:60.17,61.61 1 6
github.com/kljensen/kronos/en/casual_time_parser.go:63.24,64.47 1 15
github.com/kljensen/kronos/en/casual_time_parser.go:66.10,67.13 1 0
github.com/kljensen/kronos/en/casual_time_parser.go:70.2,70.22 1 53
github.com/kljensen/kronos/en/casual_time_parser.go:70.22,73.20 2 53
github.com/kljensen/kronos/en/casual_time_parser.go:73.20,75.4 1 4
github.com/kljensen/kronos/en/casual_time_parser.go:78.2,78.18 1 53
github.com/kljensen/kronos/en/compact_format_parser.go:14.37,16.16 2 363
github.com/kljensen/kronos/en/compact_format_parser.go:16.16,18.3 1 0
github.com/kljensen/kronos/en/compact_format_parser.go:19.2,19.18 1 363
github.com/kljensen/kronos/en/compact_format_parser.go:34.56,43.17 2 228
github.com/kljensen/kronos/en/compact_format_parser.go:43.17,45.4 1 487
github.com/kljensen/kronos/en/compact_format_parser.go:48.2,48.15 1 228
github.com/kljensen/kronos/en/compact_format_parser.go:51.93,59.2 1 487
github.com/kljensen/kronos/en/compact_format_parser.go:61.106,62.20 1 158
github.com/kljensen/kronos/en/compact_format_parser.go:62.20,64.3 1 0
github.com/kljensen/kronos/en/compact_format_parser.go:66.2,71.52 4 158
github.com/kljensen/kronos/en/compact_format_parser.go:71.52,73.3 1 38
github.com/kljensen/kronos/en/compact_format_parser.go:75.2,77.23 2 158
github.com/kljensen/kronos/en/compact_format_parser.go:78.9,80.52 1 128
github.com/kljensen/kronos/en/compact_format_parser.go:81.9,83.52 1 12
github.com/kljensen/kronos/en/compact_format_parser.go:84.9,86.52 1 12
github.com/kljensen/kronos/en/compact_format_parser.go:87.10,89.53 1 0
github.com/kljensen/kronos/en/compact_format_parser.go:90.10,92.53 1 1
github.com/kljensen/kronos/en/compact_format_parser.go:93.10,95.53 1 5
github.com/kljensen/kronos/en/compact_format_parser.go:96.10,97.13 1 0
github.com/kljensen/kronos/en/compact_format_parser.go:100.2,100.23 1 158
github.com/kljensen/kronos/en/compact_format_parser.go:100.23,102.3 1 11
github.com/kljensen/kronos/en/compact_format_parser.go:106.2,111.3 1 147
github.com/kljensen/kronos/en/compact_format_parser.go:118.113,120.9 2 128
github.com/kljensen/kronos/en/compact_format_parser.go:120.9,122.3 1 0
github.com/kljensen/kronos/en/compact_format_parser.go:123.2,124.9 2 128
github.com/kljensen/kronos/en/compact_format_parser.go:124.9,126.3 1 0
github.com/kljensen/kronos/en/compact_format_parser.go:129.2,129.17 1 128
github.com/kljensen/kronos/en/compact_format_parser.go:129.17,130.36 1 121
github.com/kljensen/kronos/en/compact_format_parser.go:130.36,136.4 5 115
github.com/kljensen/kronos/en/compact_format_parser.go:137.3,137.13 1 6
github.com/kljensen/kronos/en/compact_format_parser.go:142.2,142.36 1 7
github.com/kljensen/kronos/en/compact_format_parser.go:142.36,148.3 5 2
github.com/kljensen/kronos/en/compact_format_parser.go:151.2,151.35 1 5
github.com/kljensen/kronos/en/compact_format_parser.go:151.35,157.3 5 5
github.com/kljensen/kronos/en/compact_format_parser.go:159.2,159.12 1 0
github.com/kljensen/kronos/en/compact_format_parser.go:166.113,168.9 2 12
github.com/kljensen/kronos/en/compact_format_parser.go:168.9,170.3 1 0
github.com/kljensen/kronos/en/compact_format_parser.go:171.2,172.9 2 12
github.com/kljensen/kronos/en/compact_format_parser.go:172.9,174.3 1 0
github.com/kljensen/kronos/en/compact_format_parser.go:175.2,176.9 2 12
github.com/kljensen/kronos/en/compact_format_parser.go:176.9,178.3 1 0
github.com/kljensen/kronos/en/compact_format_parser.go:182.2,182.68 1 12
github.com/kljensen/kronos/en/compact_format_parser.go:182.68,184.44 2 5
github.com/kljensen/kronos/en/compact_format_parser.go:184.44,191.4 6 5
github.com/kljensen/kronos/en/compact_format_parser.go:195.2,195.41 1 7
github.com/kljensen/kronos/en/compact_format_parser.go:195.41,202.3 6 6
github.com/kljensen/kronos/en/compact_format_parser.go:205.2,206.43 2 1
github.com/kljensen/kronos/en/compact_format_parser.go:206.43,213.3 6 0
github.com/kljensen/kronos/en/compact_format_parser.go:215.2,215.12 1 1
github.com/kljensen/kronos/en/compact_format_parser.go:220.113,222.9 2 12
github.com/kljensen/kronos/en/compact_format_parser.go:222.9,224.3 1 0
github.com/kljensen/kronos/en/compact_format_parser.go:225.2,226.9 2 12
github.com/kljensen/kronos/en/compact_format_parser.go:226.9,228.3 1 0
github.com/kljensen/kronos/en/compact_format_parser.go:229.2,230.9 2 12
github.com/kljensen/kronos/en/compact_format_parser.go:230.9,232.3 1 0
github.com/kljensen/kronos/en/compact_format_parser.go:234.2,234.35 1 12
github.com/kljensen/kronos/en/compact_format_parser.go:234.35,241.3 6 8
github.com/kljensen/kronos/en/compact_format_parser.go:243.2,243.12 1 4
github.com/kljensen/kronos/en/compact_format_parser.go:248.114,250.9 2 0
github.com/kljensen/kronos/en/compact_format_parser.go:250.9,252.3 1 0
github.com/kljensen/kronos/en/compact_format_parser.go:253.2,254.9 2 0
github.com/kljensen/kronos/en/compact_format_parser.go:254.9,256.3 1 0
github.com/kljensen/kronos/en/compact_format_parser.go:257.2,258.9 2 0
github.com/kljensen/kronos/en/compact_format_parser.go:258.9,260.3 1 0
github.com/kljensen/kronos/en/compact_format_parser.go:261.2,262.9 2 0
github.com/kljensen/kronos/en/compact_format_parser.go:262.9,264.3 1 0
github.com/kljensen/kronos/en/compact_format_parser.go:265.2,267.67 2 0
github.com/kljensen/kronos/en/compact_format_parser.go:267.67,276.3 8 0
github.com/kljensen/kronos/en/compact_format_parser.go:278.2,278.12 1 0
github.com/kljensen/kronos/en/compact_format_parser.go:283.114,285.9 2 1
github.com/kljensen/kronos/en/compact_format_parser.go:285.9,287.3 1 0
github.com/kljensen/kronos/en/compact_format_parser.go:288.2,289.9 2 1
github.com/kljensen/kronos/en/compact_format_parser.go:289.9,291.3 1 0
github.com/kljensen/kronos/en/compact_format_parser.go:292.2,293.9 2 1
github.com/kljensen/kronos/en/compact_format_parser.go:293.9,295.3 1 0
github.com/kljensen/kronos/en/compact_format_parser.go:296.2,297.9 2 1
github.com/kljensen/kronos/en/compact_format_parser.go:297.9,299.3 1 0
github.com/kljensen/kronos/en/compact_format_parser.go:300.2,301.9 2 1
github.com/kljensen/kronos/en/compact_format_parser.go:301.9,303.3 1 0
github.com/kljensen/kronos/en/compact_format_parser.go:304.2,306.72 2 1
github.com/kljensen/kronos/en/compact_format_parser.go:306.72,316.3 9 1
github.com/kljensen/kronos/en/compact_format_parser.go:318.2,318.12 1 0
github.com/kljensen/kronos/en/compact_format_parser.go:323.114,325.9 2 5
github.com/kljensen/kronos/en/compact_format_parser.go:325.9,327.3 1 0
github.com/kljensen/kronos/en/compact_format_parser.go:328.2,329.9 2 5
github.com/kljensen/kronos/en/compact_format_parser.go:329.9,331.3 1 0
github.com/kljensen/kronos/en/compact_format_parser.go:332.2,333.9 2 5
github.com/kljensen/kronos/en/compact_format_parser.go:333.9,335.3 1 0
github.com/kljensen/kronos/en/compact_format_parser.go:336.2,337.9 2 5
github.com/kljensen/kronos/en/compact_format_parser.go:337.9,339.3 1 0
github.com/kljensen/kronos/en/compact_format_parser.go:340.2,341.9 2 5
github.com/kljensen/kronos/en/compact_format_parser.go:341.9,343.3 1 0
github.com/kljensen/kronos/en/compact_format_parser.go:344.2,345.9 2 5
github.com/kljensen/kronos/en/compact_format_parser.go:345.9,347.3 1 0
github.com/kljensen/kronos/en/compact_format_parser.go:349.2,349.72 1 5
github.com/kljensen/kronos/en/compact_format_parser.go:349.72,359.3 9 5
github.com/kljensen/kronos/en/compact_format_parser.go:361.2,361.12 1 0
github.com/kljensen/kronos/en/compact_format_parser.go:365.45,366.32 1 24
github.com/kljensen/kronos/en/compact_format_parser.go:366.32,368.3 1 0
github.com/kljensen/kronos/en/compact_format_parser.go:369.2,369.29 1 24
github.com/kljensen/kronos/en/compact_format_parser.go:369.29,371.3 1 2
github.com/kljensen/kronos/en/compact_format_parser.go:372.2,372.25 1 22
github.com/kljensen/kronos/en/compact_format_parser.go:372.25,374.3 1 1
github.com/kljensen/kronos/en/compact_format_parser.go:377.2,378.70 2 21
github.com/kljensen/kronos/en/compact_format_parser.go:382.43,383.29 1 7
github.com/kljensen/kronos/en/compact_format_parser.go:383.29,385.3 1 1
github.com/kljensen/kronos/en/compact_format_parser.go:386.2,386.25 1 6
github.com/kljensen/kronos/en/compact_format_parser.go:386.25,388.3 1 4
github.com/kljensen/kronos/en/compact_format_parser.go:391.2,392.50 2 2
github.com/kljensen/kronos/en/compact_format_parser.go:396.49,400.2 1 139
github.com/kljensen/kronos/en/compact_format_parser.go:404.40,405.29 1 6
github.com/kljensen/kronos/en/compact_format_parser.go:405.29,407.3 1 4
github.com/kljensen/kronos/en/compact_format_parser.go:408.2,408.20 1 2
github.com/kljensen/kronos/en/config.go:11.102,32.2 4 224
github.com/kljensen/kronos/en/config.go:36.73,43.2 3 140
github.com/kljensen/kronos/en/config.go:46.79,94.2 8 224
github.com/kljensen/kronos/en/constants.go:265.47,267.26 2 455
github.com/kljensen/kronos/en/constants.go:268.22,269.20 1 4
github.com/kljensen/kronos/en/constants.go:269.20,271.4 1 101
github.com/kljensen/kronos/en/constants.go:272.33,273.20 1 1
github.com/kljensen/kronos/en/constants.go:273.20,275.4 1 25
github.com/kljensen/kronos/en/constants.go:276.34,277.20 1 450
github.com/kljensen/kronos/en/constants.go:277.20,279.4 1 4950
github.com/kljensen/kronos/en/constants.go:283.2,283.45 1 455
github.com/kljensen/kronos/en/constants.go:283.45,284.35 1 17817
github.com/kljensen/kronos/en/constants.go:284.35,286.4 1 13213
github.com/kljensen/kronos/en/constants.go:287.3,287.27 1 4604
github.com/kljensen/kronos/en/constants.go:289.2,289.32 1 455
github.com/kljensen/kronos/en/constants.go:303.43,307.49 2 264
github.com/kljensen/kronos/en/constants.go:307.49,309.3 1 7
github.com/kljensen/kronos/en/constants.go:312.2,314.16 3 257
github.com/kljensen/kronos/en/constants.go:314.16,316.3 1 0
github.com/kljensen/kronos/en/constants.go:317.2,317.12 1 257
github.com/kljensen/kronos/en/constants.go:321.34,323.53 1 167
github.com/kljensen/kronos/en/constants.go:323.53,326.17 3 4
github.com/kljensen/kronos/en/constants.go:326.17,328.4 1 0
github.com/kljensen/kronos/en/constants.go:329.3,329.20 1 4
github.com/kljensen/kronos/en/constants.go:333.2,333.55 1 163
github.com/kljensen/kronos/en/constants.go:333.55,336.17 3 5
github.com/kljensen/kronos/en/constants.go:336.17,338.4 1 0
github.com/kljensen/kronos/en/constants.go:339.3,339.15 1 5
github.com/kljensen/kronos/en/constants.go:343.2,343.58 1 158
github.com/kljensen/kronos/en/constants.go:343.58,346.17 3 5
github.com/kljensen/kronos/en/constants.go:346.17,348.4 1 0
github.com/kljensen/kronos/en/constants.go:349.3,349.14 1 5
github.com/kljensen/kronos/en/constants.go:353.2,354.16 2 153
github.com/kljensen/kronos/en/constants.go:354.16,356.3 1 0
github.com/kljensen/kronos/en/constants.go:357.2,357.42 1 153
github.com/kljensen/kronos/en/constants.go:361.47,365.48 2 316
github.com/kljensen/kronos/en/constants.go:365.48,367.3 1 74
github.com/kljensen/kronos/en/constants.go:371.2,371.20 1 242
github.com/kljensen/kronos/en/constants.go:371.20,373.3 1 6
github.com/kljensen/kronos/en/constants.go:376.2,380.16 3 236
github.com/kljensen/kronos/en/constants.go:380.16,382.3 1 0
github.com/kljensen/kronos/en/constants.go:383.2,383.12 1 236
github.com/kljensen/kronos/en/constants.go:401.49,445.38 7 314
github.com/kljensen/kronos/en/constants.go:445.38,447.24 1 329
github.com/kljensen/kronos/en/constants.go:447.24,448.12 1 0
github.com/kljensen/kronos/en/constants.go:451.3,459.20 4 329
github.com/kljensen/kronos/en/constants.go:459.20,466.84 3 66
github.com/kljensen/kronos/en/constants.go:466.84,467.13 1 11
github.com/kljensen/kronos/en/constants.go:472.3,472.32 1 318
github.com/kljensen/kronos/en/constants.go:472.32,474.84 2 65
github.com/kljensen/kronos/en/constants.go:474.84,475.13 1 0
github.com/kljensen/kronos/en/constants.go:480.3,481.23 2 318
github.com/kljensen/kronos/en/constants.go:481.23,483.4 1 318
github.com/kljensen/kronos/en/constants.go:487.3,487.21 1 318
github.com/kljensen/kronos/en/constants.go:487.21,489.84 1 15
github.com/kljensen/kronos/en/constants.go:489.84,490.13 1 2
github.com/kljensen/kronos/en/constants.go:494.3,495.19 2 316
github.com/kljensen/kronos/en/constants.go:495.19,497.4 1 0
github.com/kljensen/kronos/en/constants.go:497.9,499.4 1 316
github.com/kljensen/kronos/en/constants.go:502.3,502.51 1 316
github.com/kljensen/kronos/en/constants.go:502.51,504.52 1 316
github.com/kljensen/kronos/en/constants.go:504.52,506.5 1 0
github.com/kljensen/kronos/en/constants.go:506.10,508.5 1 316
github.com/kljensen/kronos/en/constants.go:512.2,512.15 1 314
github.com/kljensen/kronos/en/constants.go:516.46,517.17 1 301
github.com/kljensen/kronos/en/constants.go:517.17,519.3 1 52
github.com/kljensen/kronos/en/constants.go:520.2,520.22 1 249
github.com/kljensen/kronos/en/constants.go:520.22,521.13 1 249
github.com/kljensen/kronos/en/constants.go:521.13,523.4 1 249
github.com/kljensen/kronos/en/constants.go:525.2,525.13 1 0
github.com/kljensen/kronos/en/en.go:37.34,39.2 1 23
github.com/kljensen/kronos/en/en.go:48.43,50.2 1 1
github.com/kljensen/kronos/en/en.go:59.39,61.2 1 1
github.com/kljensen/kronos/en/en.go:66.94,68.2 1 57
github.com/kljensen/kronos/en/en.go:74.85,76.2 1 1
github.com/kljensen/kronos/en/en.go:84.56,86.16 2 1
github.com/kljensen/kronos/en/en.go:86.16,88.3 1 0
github.com/kljensen/kronos/en/en.go:89.2,89.21 1 1
github.com/kljensen/kronos/en/en.go:98.55,100.16 2 2
github.com/kljensen/kronos/en/en.go:100.16,102.3 1 0
github.com/kljensen/kronos/en/en.go:103.2,103.18 1 2
github.com/kljensen/kronos/en/init.go:10.13,13.2 2 1
github.com/kljensen/kronos/en/init.go:16.30,21.26 1 1
github.com/kljensen/kronos/en/init.go:21.26,23.3 1 1
github.com/kljensen/kronos/en/init.go:25.2,29.26 1 1
github.com/kljensen/kronos/en/init.go:29.26,31.3 1 0
github.com/kljensen/kronos/en/init.go:33.2,37.26 1 1
github.com/kljensen/kronos/en/init.go:37.26,39.3 1 0
github.com/kljensen/kronos/en/init.go:43.31,48.26 1 1
github.com/kljensen/kronos/en/init.go:48.26,50.3 1 0
github.com/kljensen/kronos/en/init.go:52.2,56.26 1 1
github.com/kljensen/kronos/en/init.go:56.26,58.3 1 0
github.com/kljensen/kronos/en/init.go:60.2,64.26 1 1
github.com/kljensen/kronos/en/init.go:64.26,66.3 1 0
github.com/kljensen/kronos/en/init.go:68.2,72.26 1 1
github.com/kljensen/kronos/en/init.go:72.26,74.3 1 0
github.com/kljensen/kronos/en/init.go:76.2,80.26 1 1
github.com/kljensen/kronos/en/init.go:80.26,82.3 1 0
github.com/kljensen/kronos/en/init.go:84.2,88.26 1 1
github.com/kljensen/kronos/en/init.go:88.26,90.3 1 0
github.com/kljensen/kronos/en/init.go:92.2,96.26 1 1
github.com/kljensen/kronos/en/init.go:96.26,98.3 1 0
github.com/kljensen/kronos/en/init.go:100.2,104.26 1 1
github.com/kljensen/kronos/en/init.go:104.26,106.3 1 0
github.com/kljensen/kronos/en/init.go:108.2,112.26 1 1
github.com/kljensen/kronos/en/init.go:112.26,114.3 1 0
github.com/kljensen/kronos/en/init.go:116.2,120.26 1 1
github.com/kljensen/kronos/en/init.go:120.26,122.3 1 1
github.com/kljensen/kronos/en/init.go:124.2,128.26 1 1
github.com/kljensen/kronos/en/init.go:128.26,130.3 1 0
github.com/kljensen/kronos/en/init.go:132.2,136.26 1 1
github.com/kljensen/kronos/en/init.go:136.26,138.3 1 0
github.com/kljensen/kronos/en/init.go:140.2,144.26 1 1
github.com/kljensen/kronos/en/init.go:144.26,146.3 1 0
github.com/kljensen/kronos/en/init.go:148.2,152.26 1 1
github.com/kljensen/kronos/en/init.go:152.26,154.3 1 0
github.com/kljensen/kronos/en/init.go:156.2,160.26 1 1
github.com/kljensen/kronos/en/init.go:160.26,162.3 1 0
github.com/kljensen/kronos/en/init.go:167.30,190.2 1 1
github.com/kljensen/kronos/en/init.go:192.13,194.2 1 1
github.com/kljensen/kronos/en/month_name_little_endian_parser.go:19.72,29.2 3 275
github.com/kljensen/kronos/en/month_name_little_endian_parser.go:31.101,48.2 2 505
github.com/kljensen/kronos/en/month_name_little_endian_parser.go:50.114,51.20 1 48
github.com/kljensen/kronos/en/month_name_little_endian_parser.go:51.20,53.3 1 0
github.com/kljensen/kronos/en/month_name_little_endian_parser.go:55.2,58.14 2 48
github.com/kljensen/kronos/en/month_name_little_endian_parser.go:58.14,60.3 1 0
github.com/kljensen/kronos/en/month_name_little_endian_parser.go:62.2,72.38 4 48
github.com/kljensen/kronos/en/month_name_little_endian_parser.go:72.38,75.3 2 27
github.com/kljensen/kronos/en/month_name_little_endian_parser.go:75.8,79.3 2 21
github.com/kljensen/kronos/en/month_name_little_endian_parser.go:82.2,82.20 1 48
github.com/kljensen/kronos/en/month_name_little_endian_parser.go:82.20,91.3 5 2
github.com/kljensen/kronos/en/month_name_little_endian_parser.go:93.2,93.19 1 46
github.com/kljensen/kronos/en/month_name_middle_endian_parser.go:20.99,32.2 3 283
github.com/kljensen/kronos/en/month_name_middle_endian_parser.go:34.101,57.2 2 537
github.com/kljensen/kronos/en/month_name_middle_endian_parser.go:59.114,60.20 1 204
github.com/kljensen/kronos/en/month_name_middle_endian_parser.go:60.20,62.3 1 0
github.com/kljensen/kronos/en/month_name_middle_endian_parser.go:72.2,78.14 4 204
github.com/kljensen/kronos/en/month_name_middle_endian_parser.go:78.14,80.3 1 13
github.com/kljensen/kronos/en/month_name_middle_endian_parser.go:84.2,85.19 2 191
github.com/kljensen/kronos/en/month_name_middle_endian_parser.go:85.19,89.25 4 191
github.com/kljensen/kronos/en/month_name_middle_endian_parser.go:89.25,92.102 2 191
github.com/kljensen/kronos/en/month_name_middle_endian_parser.go:92.102,95.5 1 58
github.com/kljensen/kronos/en/month_name_middle_endian_parser.go:101.2,102.71 2 133
github.com/kljensen/kronos/en/month_name_middle_endian_parser.go:102.71,104.3 1 4
github.com/kljensen/kronos/en/month_name_middle_endian_parser.go:107.2,107.30 1 129
github.com/kljensen/kronos/en/month_name_middle_endian_parser.go:107.30,109.79 1 1
github.com/kljensen/kronos/en/month_name_middle_endian_parser.go:109.79,111.45 2 1
github.com/kljensen/kronos/en/month_name_middle_endian_parser.go:111.45,113.5 1 1
github.com/kljensen/kronos/en/month_name_middle_endian_parser.go:117.2,124.38 2 128
github.com/kljensen/kronos/en/month_name_middle_endian_parser.go:124.38,127.3 2 86
github.com/kljensen/kronos/en/month_name_middle_endian_parser.go:127.8,131.3 2 42
github.com/kljensen/kronos/en/month_name_middle_endian_parser.go:134.2,134.38 1 128
github.com/kljensen/kronos/en/month_name_middle_endian_parser.go:134.38,139.21 3 10
github.com/kljensen/kronos/en/month_name_middle_endian_parser.go:139.21,142.4 2 4
github.com/kljensen/kronos/en/month_name_middle_endian_parser.go:145.3,150.16 5 10
github.com/kljensen/kronos/en/month_name_middle_endian_parser.go:155.2,156.15 2 118
github.com/kljensen/kronos/en/month_name_parser.go:18.48,28.2 3 296
github.com/kljensen/kronos/en/month_name_parser.go:30.89,39.2 2 530
github.com/kljensen/kronos/en/month_name_parser.go:41.102,42.20 1 202
github.com/kljensen/kronos/en/month_name_parser.go:42.20,44.3 1 0
github.com/kljensen/kronos/en/month_name_parser.go:46.2,49.24 2 202
github.com/kljensen/kronos/en/month_name_parser.go:49.24,50.55 1 33
github.com/kljensen/kronos/en/month_name_parser.go:50.55,52.4 1 18
github.com/kljensen/kronos/en/month_name_parser.go:55.2,63.38 3 184
github.com/kljensen/kronos/en/month_name_parser.go:63.38,66.3 2 54
github.com/kljensen/kronos/en/month_name_parser.go:66.8,70.3 2 130
github.com/kljensen/kronos/en/month_name_parser.go:73.2,75.19 2 184
github.com/kljensen/kronos/en/refiner_merge_relative_after.go:23.76,25.2 1 224
github.com/kljensen/kronos/en/refiner_merge_relative_after.go:27.70,29.2 1 125
github.com/kljensen/kronos/en/refiner_merge_relative_after.go:31.70,33.2 1 125
github.com/kljensen/kronos/en/refiner_merge_relative_after.go:36.139,37.22 1 451
github.com/kljensen/kronos/en/refiner_merge_relative_after.go:37.22,39.3 1 226
github.com/kljensen/kronos/en/refiner_merge_relative_after.go:41.2,44.36 3 225
github.com/kljensen/kronos/en/refiner_merge_relative_after.go:44.36,52.24 4 617
github.com/kljensen/kronos/en/refiner_merge_relative_after.go:52.24,55.12 3 349
github.com/kljensen/kronos/en/refiner_merge_relative_after.go:58.3,59.59 2 268
github.com/kljensen/kronos/en/refiner_merge_relative_after.go:59.59,62.12 3 143
github.com/kljensen/kronos/en/refiner_merge_relative_after.go:66.3,66.81 1 125
github.com/kljensen/kronos/en/refiner_merge_relative_after.go:66.81,69.12 3 123
github.com/kljensen/kronos/en/refiner_merge_relative_after.go:73.3,74.41 2 2
github.com/kljensen/kronos/en/refiner_merge_relative_after.go:74.41,76.4 1 0
github.com/kljensen/kronos/en/refiner_merge_relative_after.go:79.3,87.19 6 2
github.com/kljensen/kronos/en/refiner_merge_relative_after.go:90.2,90.20 1 225
github.com/kljensen/kronos/en/refiner_merge_relative_after.go:90.20,92.3 1 225
github.com/kljensen/kronos/en/refiner_merge_relative_after.go:94.2,94.15 1 225
github.com/kljensen/kronos/en/refiner_merge_relative_follow.go:19.82,21.2 1 224
github.com/kljensen/kronos/en/refiner_merge_relative_follow.go:23.72,26.2 2 147
github.com/kljensen/kronos/en/refiner_merge_relative_follow.go:28.70,31.2 2 131
github.com/kljensen/kronos/en/refiner_merge_relative_follow.go:34.142,35.22 1 451
github.com/kljensen/kronos/en/refiner_merge_relative_follow.go:35.22,37.3 1 216
github.com/kljensen/kronos/en/refiner_merge_relative_follow.go:39.2,42.36 3 235
github.com/kljensen/kronos/en/refiner_merge_relative_follow.go:42.36,50.24 4 628
github.com/kljensen/kronos/en/refiner_merge_relative_follow.go:50.24,53.12 3 349
github.com/kljensen/kronos/en/refiner_merge_relative_follow.go:56.3,57.60 2 279
github.com/kljensen/kronos/en/refiner_merge_relative_follow.go:57.60,60.12 3 143
github.com/kljensen/kronos/en/refiner_merge_relative_follow.go:64.3,64.89 1 136
github.com/kljensen/kronos/en/refiner_merge_relative_follow.go:64.89,67.12 3 125
github.com/kljensen/kronos/en/refiner_merge_relative_follow.go:71.3,74.108 4 11
github.com/kljensen/kronos/en/refiner_merge_relative_follow.go:74.108,77.12 3 0
github.com/kljensen/kronos/en/refiner_merge_relative_follow.go:81.3,82.46 2 11
github.com/kljensen/kronos/en/refiner_merge_relative_follow.go:82.46,84.4 1 5
github.com/kljensen/kronos/en/refiner_merge_relative_follow.go:87.3,95.19 6 11
github.com/kljensen/kronos/en/refiner_merge_relative_follow.go:98.2,98.20 1 235
github.com/kljensen/kronos/en/refiner_merge_relative_follow.go:98.20,100.3 1 235
github.com/kljensen/kronos/en/refiner_merge_relative_follow.go:102.2,102.15 1 235
github.com/kljensen/kronos/en/relative_date_parser.go:34.66,38.55 2 224
github.com/kljensen/kronos/en/relative_date_parser.go:38.55,44.4 3 450
github.com/kljensen/kronos/en/relative_date_parser.go:45.68,46.22 1 37
github.com/kljensen/kronos/en/relative_date_parser.go:46.22,48.5 1 0
github.com/kljensen/kronos/en/relative_date_parser.go:51.4,57.11 6 37
github.com/kljensen/kronos/en/relative_date_parser.go:57.11,59.5 1 0
github.com/kljensen/kronos/en/relative_date_parser.go:62.4,62.66 1 37
github.com/kljensen/kronos/en/relative_date_parser.go:62.66,65.26 3 17
github.com/kljensen/kronos/en/relative_date_parser.go:65.26,68.42 1 17
github.com/kljensen/kronos/en/relative_date_parser.go:68.42,70.7 1 3
github.com/kljensen/kronos/en/relative_date_parser.go:70.12,70.48 1 14
github.com/kljensen/kronos/en/relative_date_parser.go:70.48,73.7 2 2
github.com/kljensen/kronos/en/relative_date_parser.go:74.6,74.23 1 17
github.com/kljensen/kronos/en/relative_date_parser.go:74.23,76.7 1 3
github.com/kljensen/kronos/en/relative_date_parser.go:78.5,78.22 1 17
github.com/kljensen/kronos/en/relative_date_parser.go:82.4,82.48 1 20
github.com/kljensen/kronos/en/relative_date_parser.go:82.48,85.26 3 14
github.com/kljensen/kronos/en/relative_date_parser.go:85.26,88.42 1 14
github.com/kljensen/kronos/en/relative_date_parser.go:88.42,90.7 1 3
github.com/kljensen/kronos/en/relative_date_parser.go:90.12,90.48 1 11
github.com/kljensen/kronos/en/relative_date_parser.go:90.48,93.7 2 2
github.com/kljensen/kronos/en/relative_date_parser.go:94.6,94.23 1 14
github.com/kljensen/kronos/en/relative_date_parser.go:94.23,96.7 1 2
github.com/kljensen/kronos/en/relative_date_parser.go:98.5,98.22 1 14
github.com/kljensen/kronos/en/relative_date_parser.go:102.4,105.20 3 6
github.com/kljensen/kronos/en/relative_date_parser.go:106.29,115.44 8 1
github.com/kljensen/kronos/en/relative_date_parser.go:117.28,126.43 8 1
github.com/kljensen/kronos/en/relative_date_parser.go:128.29,135.44 6 1
github.com/kljensen/kronos/en/relative_date_parser.go:137.30,143.45 5 1
github.com/kljensen/kronos/en/relative_date_parser.go:145.29,151.44 5 2
github.com/kljensen/kronos/en/relative_date_parser.go:154.4,154.21 1 6
github.com/kljensen/kronos/en/relative_date_parser.go:154.21,156.5 1 1
github.com/kljensen/kronos/en/relative_date_parser.go:157.4,157.21 1 6
github.com/kljensen/kronos/en/relative_date_parser.go:162.2,162.15 1 224
github.com/kljensen/kronos/en/slash_month_format_parser.go:18.62,28.2 3 300
github.com/kljensen/kronos/en/slash_month_format_parser.go:30.96,34.2 2 533
github.com/kljensen/kronos/en/slash_month_format_parser.go:36.109,37.20 1 25
github.com/kljensen/kronos/en/slash_month_format_parser.go:37.20,39.3 1 0
github.com/kljensen/kronos/en/slash_month_format_parser.go:41.2,42.16 2 25
github.com/kljensen/kronos/en/slash_month_format_parser.go:42.16,44.3 1 0
github.com/kljensen/kronos/en/slash_month_format_parser.go:45.2,46.16 2 25
github.com/kljensen/kronos/en/slash_month_format_parser.go:46.16,48.3 1 0
github.com/kljensen/kronos/en/slash_month_format_parser.go:50.2,54.32 1 25
github.com/kljensen/kronos/en/time_expression_parser.go:18.73,21.18 1 284
github.com/kljensen/kronos/en/time_expression_parser.go:21.18,23.5 1 543
github.com/kljensen/kronos/en/time_expression_parser.go:24.18,27.5 1 465
github.com/kljensen/kronos/en/time_expression_parser.go:33.2,33.40 1 284
github.com/kljensen/kronos/en/time_expression_parser.go:33.40,37.3 1 543
github.com/kljensen/kronos/en/time_expression_parser.go:40.2,40.42 1 284
github.com/kljensen/kronos/en/time_expression_parser.go:40.42,42.3 1 465
github.com/kljensen/kronos/en/time_expression_parser.go:45.2,45.83 1 284
github.com/kljensen/kronos/en/time_expression_parser.go:45.83,47.85 1 515
github.com/kljensen/kronos/en/time_expression_parser.go:47.85,49.22 2 6
github.com/kljensen/kronos/en/time_expression_parser.go:49.22,51.31 2 6
github.com/kljensen/kronos/en/time_expression_parser.go:51.31,54.6 2 5
github.com/kljensen/kronos/en/time_expression_parser.go:54.11,54.24 1 1
github.com/kljensen/kronos/en/time_expression_parser.go:54.24,56.6 1 1
github.com/kljensen/kronos/en/time_expression_parser.go:61.3,61.47 1 515
github.com/kljensen/kronos/en/time_expression_parser.go:61.47,64.22 3 2
github.com/kljensen/kronos/en/time_expression_parser.go:64.22,66.31 2 2
github.com/kljensen/kronos/en/time_expression_parser.go:66.31,68.6 1 2
github.com/kljensen/kronos/en/time_expression_parser.go:73.3,73.45 1 515
github.com/kljensen/kronos/en/time_expression_parser.go:73.45,76.4 1 1
github.com/kljensen/kronos/en/time_expression_parser.go:80.2,84.9 1 284
github.com/kljensen/kronos/en/time_expression_parser.go:84.9,89.3 3 465
github.com/kljensen/kronos/en/time_expression_parser.go:92.2,97.9 1 284
github.com/kljensen/kronos/en/time_expression_parser.go:97.9,102.126 2 49
github.com/kljensen/kronos/en/time_expression_parser.go:102.126,103.77 1 1
github.com/kljensen/kronos/en/time_expression_parser.go:103.77,105.5 1 1
github.com/kljensen/kronos/en/time_expression_parser.go:108.3,108.14 1 49
github.com/kljensen/kronos/en/time_expression_parser.go:111.2,111.15 1 284
github.com/kljensen/kronos/en/time_unit_ago_parser.go:18.79,24.55 2 315
github.com/kljensen/kronos/en/time_unit_ago_parser.go:24.55,26.25 2 541
github.com/kljensen/kronos/en/time_unit_ago_parser.go:26.25,28.5 1 5
github.com/kljensen/kronos/en/time_unit_ago_parser.go:32.4,44.47 5 541
github.com/kljensen/kronos/en/time_unit_ago_parser.go:46.68,47.22 1 107
github.com/kljensen/kronos/en/time_unit_ago_parser.go:47.22,49.5 1 0
github.com/kljensen/kronos/en/time_unit_ago_parser.go:52.4,56.33 4 107
github.com/kljensen/kronos/en/time_unit_ago_parser.go:56.33,58.5 1 0
github.com/kljensen/kronos/en/time_unit_ago_parser.go:61.4,65.25 3 107
github.com/kljensen/kronos/en/time_unit_ago_parser.go:65.25,68.123 2 107
github.com/kljensen/kronos/en/time_unit_ago_parser.go:68.123,70.6 1 42
github.com/kljensen/kronos/en/time_unit_ago_parser.go:72.5,72.22 1 107
github.com/kljensen/kronos/en/time_unit_ago_parser.go:72.22,74.6 1 16
github.com/kljensen/kronos/en/time_unit_ago_parser.go:76.4,76.21 1 107
github.com/kljensen/kronos/en/time_unit_ago_parser.go:81.2,81.15 1 315
github.com/kljensen/kronos/en/time_unit_casual_relative_parser.go:19.109,25.55 2 295
github.com/kljensen/kronos/en/time_unit_casual_relative_parser.go:25.55,27.34 2 521
github.com/kljensen/kronos/en/time_unit_casual_relative_parser.go:27.34,29.5 1 3
github.com/kljensen/kronos/en/time_unit_casual_relative_parser.go:33.4,41.47 3 521
github.com/kljensen/kronos/en/time_unit_casual_relative_parser.go:43.68,44.22 1 108
github.com/kljensen/kronos/en/time_unit_casual_relative_parser.go:44.22,46.5 1 0
github.com/kljensen/kronos/en/time_unit_casual_relative_parser.go:49.4,54.33 5 108
github.com/kljensen/kronos/en/time_unit_casual_relative_parser.go:54.33,56.5 1 52
github.com/kljensen/kronos/en/time_unit_casual_relative_parser.go:59.4,59.18 1 56
github.com/kljensen/kronos/en/time_unit_casual_relative_parser.go:60.29,61.48 1 30
github.com/kljensen/kronos/en/time_unit_casual_relative_parser.go:65.4,66.25 2 56
github.com/kljensen/kronos/en/time_unit_casual_relative_parser.go:66.25,68.123 2 56
github.com/kljensen/kronos/en/time_unit_casual_relative_parser.go:68.123,70.6 1 28
github.com/kljensen/kronos/en/time_unit_casual_relative_parser.go:72.5,72.22 1 56
github.com/kljensen/kronos/en/time_unit_casual_relative_parser.go:72.22,74.6 1 0
github.com/kljensen/kronos/en/time_unit_casual_relative_parser.go:76.4,76.21 1 56
github.com/kljensen/kronos/en/time_unit_casual_relative_parser.go:81.2,81.15 1 295
github.com/kljensen/kronos/en/time_unit_later_parser.go:18.83,24.55 2 276
github.com/kljensen/kronos/en/time_unit_later_parser.go:24.55,26.25 2 502
github.com/kljensen/kronos/en/time_unit_later_parser.go:26.25,28.5 1 5
github.com/kljensen/kronos/en/time_unit_later_parser.go:32.4,44.47 5 502
github.com/kljensen/kronos/en/time_unit_later_parser.go:46.68,47.22 1 56
github.com/kljensen/kronos/en/time_unit_later_parser.go:47.22,49.5 1 0
github.com/kljensen/kronos/en/time_unit_later_parser.go:52.4,56.33 4 56
github.com/kljensen/kronos/en/time_unit_later_parser.go:56.33,58.5 1 0
github.com/kljensen/kronos/en/time_unit_later_parser.go:61.4,62.25 2 56
github.com/kljensen/kronos/en/time_unit_later_parser.go:62.25,65.123 2 56
github.com/kljensen/kronos/en/time_unit_later_parser.go:65.123,67.6 1 26
github.com/kljensen/kronos/en/time_unit_later_parser.go:69.5,69.22 1 56
github.com/kljensen/kronos/en/time_unit_later_parser.go:69.22,71.6 1 3
github.com/kljensen/kronos/en/time_unit_later_parser.go:73.4,73.21 1 56
github.com/kljensen/kronos/en/time_unit_later_parser.go:78.2,78.15 1 276
github.com/kljensen/kronos/en/time_unit_within_parser.go:20.85,26.55 2 259
github.com/kljensen/kronos/en/time_unit_within_parser.go:26.55,28.25 2 485
github.com/kljensen/kronos/en/time_unit_within_parser.go:28.25,30.5 1 3
github.com/kljensen/kronos/en/time_unit_within_parser.go:35.4,40.26 5 485
github.com/kljensen/kronos/en/time_unit_within_parser.go:40.26,47.5 1 2
github.com/kljensen/kronos/en/time_unit_within_parser.go:47.10,54.5 1 483
github.com/kljensen/kronos/en/time_unit_within_parser.go:56.4,56.47 1 485
github.com/kljensen/kronos/en/time_unit_within_parser.go:58.68,59.22 1 31
github.com/kljensen/kronos/en/time_unit_within_parser.go:59.22,61.5 1 0
github.com/kljensen/kronos/en/time_unit_within_parser.go:64.4,65.83 1 31
github.com/kljensen/kronos/en/time_unit_within_parser.go:65.83,67.5 1 1
github.com/kljensen/kronos/en/time_unit_within_parser.go:69.4,70.33 2 30
github.com/kljensen/kronos/en/time_unit_within_parser.go:70.33,72.5 1 0
github.com/kljensen/kronos/en/time_unit_within_parser.go:75.4,76.25 2 30
github.com/kljensen/kronos/en/time_unit_within_parser.go:76.25,78.123 2 30
github.com/kljensen/kronos/en/time_unit_within_parser.go:78.123,80.6 1 21
github.com/kljensen/kronos/en/time_unit_within_parser.go:82.4,82.21 1 30
github.com/kljensen/kronos/en/time_unit_within_parser.go:87.2,87.15 1 259
github.com/kljensen/kronos/en/weekday_parser.go:21.44,25.55 2 277
github.com/kljensen/kronos/en/weekday_parser.go:25.55,38.4 2 543
github.com/kljensen/kronos/en/weekday_parser.go:39.68,40.22 1 83
github.com/kljensen/kronos/en/weekday_parser.go:40.22,42.5 1 0
github.com/kljensen/kronos/en/weekday_parser.go:51.4,56.40 5 83
github.com/kljensen/kronos/en/weekday_parser.go:56.40,58.5 1 15
github.com/kljensen/kronos/en/weekday_parser.go:59.4,59.40 1 83
github.com/kljensen/kronos/en/weekday_parser.go:59.40,61.5 1 36
github.com/kljensen/kronos/en/weekday_parser.go:62.4,62.40 1 83
github.com/kljensen/kronos/en/weekday_parser.go:62.40,64.5 1 15
github.com/kljensen/kronos/en/weekday_parser.go:65.4,65.40 1 83
github.com/kljensen/kronos/en/weekday_parser.go:65.40,67.5 1 2
github.com/kljensen/kronos/en/weekday_parser.go:69.4,70.26 2 83
github.com/kljensen/kronos/en/weekday_parser.go:70.26,72.5 1 47
github.com/kljensen/kronos/en/weekday_parser.go:73.4,76.24 3 83
github.com/kljensen/kronos/en/weekday_parser.go:77.24,78.22 1 10
github.com/kljensen/kronos/en/weekday_parser.go:79.16,80.22 1 20
github.com/kljensen/kronos/en/weekday_parser.go:81.16,82.22 1 8
github.com/kljensen/kronos/en/weekday_parser.go:85.4,91.11 4 83
github.com/kljensen/kronos/en/weekday_parser.go:92.72,94.45 1 55
github.com/kljensen/kronos/en/weekday_parser.go:95.34,97.42 1 18
github.com/kljensen/kronos/en/weekday_parser.go:97.42,100.27 3 15
github.com/kljensen/kronos/en/weekday_parser.go:100.27,102.7 1 15
github.com/kljensen/kronos/en/weekday_parser.go:103.6,103.16 1 0
github.com/kljensen/kronos/en/weekday_parser.go:108.5,108.27 1 3
github.com/kljensen/kronos/en/weekday_parser.go:108.27,110.6 1 1
github.com/kljensen/kronos/en/weekday_parser.go:110.11,112.6 1 2
github.com/kljensen/kronos/en/weekday_parser.go:113.34,118.83 3 4
github.com/kljensen/kronos/en/weekday_parser.go:118.83,119.28 1 2
github.com/kljensen/kronos/en/weekday_parser.go:119.28,121.7 1 1
github.com/kljensen/kronos/en/weekday_parser.go:121.12,123.7 1 1
github.com/kljensen/kronos/en/weekday_parser.go:124.11,127.28 2 2
github.com/kljensen/kronos/en/weekday_parser.go:127.28,129.7 1 1
github.com/kljensen/kronos/en/weekday_parser.go:129.12,131.7 1 1
github.com/kljensen/kronos/en/weekday_parser.go:132.6,133.34 2 2
github.com/kljensen/kronos/en/weekday_parser.go:135.12,136.15 1 6
github.com/kljensen/kronos/en/weekday_parser.go:140.4,145.22 4 62
github.com/kljensen/kronos/en/weekday_parser.go:145.22,147.5 1 38
github.com/kljensen/kronos/en/weekday_parser.go:147.10,147.43 1 24
github.com/kljensen/kronos/en/weekday_parser.go:147.43,152.5 2 1
github.com/kljensen/kronos/en/weekday_parser.go:153.4,163.21 6 62
github.com/kljensen/kronos/en/weekday_parser.go:168.2,168.15 1 277
github.com/kljensen/kronos/en/weekday_parser.go:172.133,175.20 2 15
github.com/kljensen/kronos/en/weekday_parser.go:175.20,178.30 3 15
github.com/kljensen/kronos/en/weekday_parser.go:178.30,180.4 1 0
github.com/kljensen/kronos/en/weekday_parser.go:183.2,187.19 4 15
github.com/kljensen/kronos/en/weekday_parser.go:188.13,195.28 3 7
github.com/kljensen/kronos/en/weekday_parser.go:195.28,198.4 1 1
github.com/kljensen/kronos/en/weekday_parser.go:201.3,201.49 1 7
github.com/kljensen/kronos/en/weekday_parser.go:202.18,208.30 3 8
github.com/kljensen/kronos/en/weekday_parser.go:208.30,211.4 1 1
github.com/kljensen/kronos/en/weekday_parser.go:214.3,214.48 1 8
github.com/kljensen/kronos/en/weekday_parser.go:215.10,216.13 1 0
github.com/kljensen/kronos/en/weekday_parser.go:219.2,227.19 6 15
github.com/kljensen/kronos/en/year_month_day_parser.go:21.79,33.2 3 242
github.com/kljensen/kronos/en/year_month_day_parser.go:35.92,43.2 2 480
github.com/kljensen/kronos/en/year_month_day_parser.go:45.105,46.20 1 63
github.com/kljensen/kronos/en/year_month_day_parser.go:46.20,48.3 1 0
github.com/kljensen/kronos/en/year_month_day_parser.go:50.2,51.16 2 63
github.com/kljensen/kronos/en/year_month_day_parser.go:51.16,53.3 1 0
github.com/kljensen/kronos/en/year_month_day_parser.go:55.2,58.20 2 63
github.com/kljensen/kronos/en/year_month_day_parser.go:58.20,61.3 1 6
github.com/kljensen/kronos/en/year_month_day_parser.go:61.8,64.17 2 57
github.com/kljensen/kronos/en/year_month_day_parser.go:64.17,66.4 1 0
github.com/kljensen/kronos/en/year_month_day_parser.go:69.2,70.16 2 63
github.com/kljensen/kronos/en/year_month_day_parser.go:70.16,72.3 1 0
github.com/kljensen/kronos/en/year_month_day_parser.go:75.2,75.29 1 63
github.com/kljensen/kronos/en/year_month_day_parser.go:75.29,76.29 1 10
github.com/kljensen/kronos/en/year_month_day_parser.go:76.29,78.4 1 4
github.com/kljensen/kronos/en/year_month_day_parser.go:80.3,80.28 1 6
github.com/kljensen/kronos/en/year_month_day_parser.go:80.28,82.4 1 4
github.com/kljensen/kronos/en/year_month_day_parser.go:86.2,86.25 1 59
github.com/kljensen/kronos/en/year_month_day_parser.go:86.25,88.3 1 6
github.com/kljensen/kronos/en/year_month_day_parser.go:94.2,95.67 2 53
github.com/kljensen/kronos/en/year_month_day_parser.go:95.67,97.3 1 4
github.com/kljensen/kronos/en/year_month_day_parser.go:99.2,105.19 2 49
github.com/kljensen/kronos/en/year_parser.go:18.38,29.17 2 226
github.com/kljensen/kronos/en/year_parser.go:29.17,31.4 1 461
github.com/kljensen/kronos/en/year_parser.go:34.2,34.15 1 226
github.com/kljensen/kronos/en/year_parser.go:37.84,46.2 2 461
github.com/kljensen/kronos/en/year_parser.go:48.97,49.20 1 92
github.com/kljensen/kronos/en/year_parser.go:49.20,51.3 1 0
github.com/kljensen/kronos/en/year_parser.go:53.2,54.16 2 92
github.com/kljensen/kronos/en/year_parser.go:54.16,56.3 1 0
github.com/kljensen/kronos/en/year_parser.go:60.2,77.3 3 92
